id,name,analyst,current_url,final_url,status_code,verdict,why,rss_feeds,ical_feeds,jsonld_events,sec_cik,suggested_action
55556,ABN AMRO,Liviyan Raj Kovindasamy,https://www.abnamro.com/en/investor-relations/financial-calendar,https://www.abnamro.com/en/investor-relations/financial-calendar,200,calendar-page,calendar/results keywords present,0,0,0,,keep-current
1708,ADT,Rafael Alamo,https://investor.adt.com/News--Events/events-and-presentations/default.aspx,https://investor.adt.com/News--Events/events-and-presentations/default.aspx,200,calendar-page,calendar/results keywords present,0,0,0,0001703056,use-sec
2478,AECOM,Arturo Miquel,https://investors.aecom.com/events-and-presentations/upcoming-events,,0,fetch-error,timeout,0,0,0,0000868857,use-sec
55667,AES Andes,Anais Ruz,https://www.aesandes.com/en/upcoming-events,https://www.aesandes.com/en/upcoming-events,200,calendar-page,calendar/results keywords present,0,0,0,,keep-current
1180,AFE (AnaCap Financial Europe),Daire Vint,https://www.anacap.com/our-firm/,https://www.anacap.com/our-firm/,200,non-ir-page,no IR/calendar signals,1,0,0,,use-rss
55723,AIA Group,Kavithaasree Singaveloo,https://www.aia.com/en/investor-relations/overview/financial-calendar,https://www.aia.com/en/investor-relations/overview/financial-calendar,0,fetch-error,"TimeoutError: Page.goto: Timeout 20000ms exceeded.
Call log:
navigating to ""https://www.aia.co",0,0,0,,replace-url
964,AMC Entertainment,Matias Fauré,https://investor.amctheatres.com/events-and-presentations/event-calendar/default.aspx,https://investor.amctheatres.com/news-events/ir-calendar,200,calendar-page,calendar/results keywords present,1,0,0,0001411579,use-sec
2501,AMC Networks,Matias Fauré,https://investors.amcnetworks.com/events-and-presentations,https://investors.amcnetworks.com/events-and-presentations,403,ir-page-no-calendar,IR content but no calendar keywords,0,0,0,,find-calendar-subpage
1611,APCOA Parking,Michael Clark,https://www.apcoa.com/about-us/investors/,https://www.apcoa.com/about-us/investors/,200,ir-page-no-calendar,IR content but no calendar keywords,2,0,0,,use-rss
2633,AT&T,Ibrahim Dughman,https://investors.att.com/news-and-events/events-and-presentations,https://investors.att.com/news-and-events/events-and-presentations,200,calendar-page,calendar/results keywords present,0,0,0,0000732717,use-sec
65983,AVIC International,Sharusree Nandakumar,https://www.avicryo.com/news.html,https://www.avicryo.com/news.html,200,non-ir-page,no IR/calendar signals,0,0,0,,replace-url
55547,AbbVie,Mateo Castro,https://investors.abbvie.com/events-and-presentations/upcoming-events,,0,fetch-error,timeout,0,0,0,0001551152,use-sec
55546,Abbott Labs,Martina Pino,https://www.abbottinvestor.com/news-and-events/events,https://www.abbottinvestor.com/news-and-events/events,403,thin-body,only 236 chars of visible text,0,0,0,,js-render-required
55567,Abu Dhabi Commercial Bank,Umairah Huda Binti Mohamad Asri,https://www.adcb.com/en/about-us/investor-relations/financial-calendar/,https://www.adcb.com/en/about-us/investor-relations/financial-calendar/,200,calendar-page,calendar/results keywords present,0,0,0,,keep-current
55568,Abu Dhabi Developmental Holding Company,Jack Liew,https://www.adq.ae/investors,https://www.adq.ae/investors,200,ir-page-no-calendar,IR content but no calendar keywords,0,0,0,,find-calendar-subpage
55571,Abu Dhabi National Energy,Kavithaasree Singaveloo,https://www.taqa.com/announcements/?cat_id=133&csrt=1157673590154016641,https://www.taqa.com/announcements/?cat_id=133&csrt=1157673590154016641,200,non-ir-page,no IR/calendar signals,0,0,0,,replace-url
55572,Abu Dhabi National Oil,Kartigeiswary Deva Kumar,https://www.adnocdistribution.ae/investor-relations/results-and-presentation,https://www.adnocdistribution.ae/investor-relations/results-and-presentation,403,ir-page-no-calendar,IR content but no calendar keywords,0,0,0,,find-calendar-subpage
1758,Acadia Healthcare,Cata Rifo,https://www.acadiahealthcare.com/investors/event-calendar/,https://www.acadiahealthcare.com/investors/event-calendar/,200,ir-page-no-calendar,IR content but no calendar keywords,1,0,0,0001520697,use-sec
55585,Accolade,Shi Man Fong,https://accolade.eu/en/news,https://accolade.eu/en/news,200,non-ir-page,no IR/calendar signals,0,0,0,,replace-url
60560,Acelen,Clemente Masferrer,https://ri.acelen.com.br/en/investor-services/events-calendar/,https://ri.acelen.com.br/en/investor-services/events-calendar/,200,calendar-page,calendar/results keywords present,0,0,1,,use-jsonld
4966,Acqua & Sapone,Ross Murray,https://cesarspa.com/tipologia-documento/rassegna-stampa-it/,https://cesarspa.com/,200,redirected-to-home,redirected to homepage,0,0,0,,replace-url
2513,AdaptHealth,Gisela Pollanco,https://adapthealth.com/category/latest-earnings/,https://adapthealth.com/blogs/earnings,200,ir-page-no-calendar,IR content but no calendar keywords,1,0,0,0001725255,use-sec
55630,Adecoagro,Ibrahim Dughman,https://ir.adecoagro.com/events-calendar/,https://ir.adecoagro.com/events-calendar/,200,ir-page-no-calendar,IR content but no calendar keywords,2,1,0,0001499505,use-sec
9166,Adeia,Oscar Carrasco,https://investors.adeia.com/,,0,fetch-error,timeout,0,0,0,0001803696,use-sec
725,Adler Pelzer,Joss Smyth,https://www.adlerpelzer.com/investor,https://www.adlerpelzer.com/investor,200,ir-page-no-calendar,IR content but no calendar keywords,0,0,0,,find-calendar-subpage
68741,Advanced Info Service,Muhammad Danish Noramri,https://investor.ais.co.th/en/calendar,https://investor.ais.co.th/en/calendar,200,calendar-page,calendar/results keywords present,0,0,0,,keep-current
1872,Advanz Pharma,Joss Smyth,https://investors.advanzpharma.com/investors-new,https://investors.advanzpharma.com/,200,redirected-to-home,redirected to homepage,0,0,0,,replace-url
55653,Aegea Saneamento,Maria Luisa Torres,https://ri.aegea.com.br/servicos-aos-investidores/calendario-de-eventos/,https://ri.aegea.com.br/servicos-aos-investidores/calendario-de-eventos/,200,non-ir-page,no IR/calendar signals,0,0,1,,use-jsonld
55657,Aenza,Maria Luisa Torres,https://investorrelations.aenza.com.pe/reportes/estados-financieros/consolidados,https://investorrelations.aenza.com.pe/reportes/estados-financieros/consolidados,403,ir-page-no-calendar,IR content but no calendar keywords,0,0,0,,find-calendar-subpage
580,AerCap,Ross Murray,https://www.aercap.com/investors/news-events/upcoming-events,https://www.aercap.com/investors/news-events/upcoming-events,200,calendar-page,calendar/results keywords present,1,0,0,0001378789,use-sec
59027,Aeromexico,Martin Cofre,https://ir.aeromexico.com/news-events/events-and-presentations,https://ir.aeromexico.com/news-events/events-and-presentations,403,thin-body,only 245 chars of visible text,0,0,0,,js-render-required
55664,Aeropuertos Argentina 2000,Ignacio Zamorano,https://www.aeropuertosargentina.com/en/sobre-nosotros/inversores,https://www.aeropuertosargentina.com/en/sobre-nosotros/inversores,200,ir-page-no-calendar,IR content but no calendar keywords,0,0,0,,find-calendar-subpage
55665,Aeropuertos Dominicanos,Vicente Sánchez,https://aerodom.com/en/reports/,https://aerodom.com/en/reports/,200,non-ir-page,no IR/calendar signals,2,0,0,,use-rss
67872,African Development Bank,Muhammad Azib Bin Ahmad,https://www.afdb.org/en/news-and-events/events-calendar,https://www.afdb.org/en/news-and-events/events-calendar,200,non-ir-page,no IR/calendar signals,1,0,0,,use-rss
2828,Aggreko,Zoë Miller,https://www.aggreko.com/en/investor-portal/investors-site/financial-results-and-announcement#2026,https://www.aggreko.com/en/investor-portal/login,200,ir-page-no-calendar,IR content but no calendar keywords,0,0,0,0002134090,use-sec
55703,Agricultural Bank Of China,Liviyan Raj Kovindasamy,https://www.abchina.com/en/investor-relations/performance-reports/quarterly-reports/qurep/,https://www.abchina.com/en/investor-relations/performance-reports/quarterly-reports/qurep/,200,ir-page-no-calendar,IR content but no calendar keywords,0,0,0,,find-calendar-subpage
55710,Agrosuper,Martina Pino,https://www.agrosuper.com/inversionistas/en/inform_financiera/resultados-financieros/,https://www.agrosuper.com/inversionistas/en/inform_financiera/resultados-financieros/,200,calendar-page,calendar/results keywords present,2,0,0,,use-rss
2824,Ahlstrom-Munksjö,Peter Megarity,https://www.ahlstrom.com/Media/releases/,https://www.ahlstrom.com/Media/releases/,200,ir-page-no-calendar,IR content but no calendar keywords,1,0,0,,use-rss
1763,Air Canada,Martina Pino,https://www.aircanada.com/media/events,https://www.aircanada.com/media/events,200,ir-page-no-calendar,IR content but no calendar keywords,0,0,0,,find-calendar-subpage
55736,Air Products,Ibrahim Dughman,https://investors.airproducts.com/events,https://investors.airproducts.com/events,403,ir-page-no-calendar,IR content but no calendar keywords,0,0,0,,find-calendar-subpage
59323,Airport Authority Hong Kong,Kavithaasree Singaveloo,https://www.hongkongairport.com/en/search-result.page?q=2025,https://www.hongkongairport.com/en/search-result.page?q=2025,200,non-ir-page,no IR/calendar signals,0,0,0,,replace-url
55751,Akbank,Shi Man Fong,https://www.akbankinvestorrelations.com/en/,https://www.akbankinvestorrelations.com/en/,200,calendar-page,calendar/results keywords present,0,0,0,,keep-current
53159,Alaska Airlines,Maria Luisa Torres,https://news.alaskaair.com/investor-relations/events-presentations/webcasts-events/,https://news.alaskaair.com/investor-relations/events-presentations/webcasts-events/,200,ir-page-no-calendar,IR content but no calendar keywords,2,0,1,,use-jsonld
1565,Alcoa,Ignacio Zamorano,https://investors.alcoa.com/home/default.aspx,https://investors.alcoa.com/home/default.aspx,200,ir-page-no-calendar,IR content but no calendar keywords,0,0,0,0001675149,use-sec
55779,Aldar Properties,Liviyan Raj Kovindasamy,https://www.aldar.com/en/investors/financial-calendar,https://www.aldar.com/en/investors/financial-calendar,403,ir-page-no-calendar,IR content but no calendar keywords,0,0,0,,find-calendar-subpage
55800,Alibaba,Preveena Nantha Kumar,https://www.alibabagroup.com/en-US/investor-relations,https://www.alibabagroup.com/en-US/investor-relations,200,calendar-page,calendar/results keywords present,0,0,0,0001577552,use-sec
55803,Alimentation Couche-Tard,Martina Pino,https://corporate.couche-tard.com/events-presentations#future,https://corporate.couche-tard.com/events-presentations,200,calendar-page,calendar/results keywords present,0,0,0,,keep-current
55804,Alinma Bank,Sharusree Nandakumar,https://ir.alinma.com/en/investor-relations/ir-calendar/,https://ir.alinma.com/en/investor-relations/ir-calendar/,200,ir-page-no-calendar,IR content but no calendar keywords,0,0,0,,find-calendar-subpage
3325,Allegiant Travel,Vicente Sánchez,https://ir.allegiantair.com/news/default.aspx,https://ir.allegiantair.com/news/default.aspx,200,ir-page-no-calendar,IR content but no calendar keywords,0,0,0,0001362468,use-sec
2496,Alliance Resource Partners,Mati Ossandon,https://investor.arlp.com/investors/events-and-presentations/default.aspx,https://investor.arlp.com/investors/events-and-presentations/default.aspx,200,calendar-page,calendar/results keywords present,0,0,0,,keep-current
1552,Allwyn,Zoë Miller,https://www.allwyn.com/investors-news/allwyn-q2-2026-preliminary-results-conference-call-invitation,https://www.allwyn.com/investors-news/allwyn-q2-2026-preliminary-results-conference-call-invitation,200,calendar-page,calendar/results keywords present,0,0,0,,keep-current
1196,Almaviva,Zoë Miller,https://www.almaviva.it/it_IT/Calendario,https://www.almaviva.it/it_IT/Calendario,200,calendar-page,calendar/results keywords present,0,0,0,,keep-current
592,Almirall,Christina Rankin,https://www.almirall.com/investors/calendar,https://www.almirall.com/investors/calendar,200,ir-page-no-calendar,IR content but no calendar keywords,0,0,0,,find-calendar-subpage
55847,Alpek,Cata Rifo,https://www.alpek.com/investor-center/reports/,https://www.alpek.com/investor-center/reports/,200,ir-page-no-calendar,IR content but no calendar keywords,2,0,0,,use-rss
66546,Alphabet,Ignacio Zamorano,https://abc.xyz/investor/news/default.aspx,https://abc.xyz/investor/news/default.aspx,200,ir-page-no-calendar,IR content but no calendar keywords,0,0,0,0001652044,use-sec
55764,Alrajhi Bank,Kavithaasree Singaveloo,https://www.alrajhibank.com.sa/en/About-alrajhi-bank/Investor-Relations,https://www.alrajhibank.com.sa/en/About-alrajhi-bank/Investor-Relations,200,calendar-page,calendar/results keywords present,0,0,0,,keep-current
11740,Alstria Office AG,Joss Smyth,https://alstria.eu/landingpage,https://alstria.eu/landingpage,200,calendar-page,calendar/results keywords present,0,0,0,,keep-current
2851,Alta Equipment,Anais Ruz,https://investors.altg.com/events-and-presentations/default.aspx,https://investors.altg.com/events-and-presentations/default.aspx,200,calendar-page,calendar/results keywords present,0,0,0,0001759824,use-sec
811,Altice France (SFR),Joss Smyth,https://alticefrance.com/investors/press-releases-notices-english.html,https://alticefrance.com/investors/press-releases-notices-english.html,200,calendar-page,calendar/results keywords present,0,0,0,,keep-current
962,Altice International,Michael Clark,https://altice.net/altice-international?category=46,https://altice.net/altice-international?category=46,200,calendar-page,calendar/results keywords present,0,0,0,,keep-current
55877,Aluminum Corporation of China,Sharusree Nandakumar,https://www.chalco.com.cn/en/tzzgxen/yjbgen/202604/t20260424_167907.html,https://www.chalco.com.cn/en/tzzgxen/yjbgen/202604/t20260424_167907.html,200,non-ir-page,no IR/calendar signals,0,0,0,0001161611,use-sec
5993,Amara Nzero,Joss Smyth,https://amaranzero.com/ro/user/login,https://amaranzero.com/ro/user/login,200,ir-page-no-calendar,IR content but no calendar keywords,0,0,0,,find-calendar-subpage
55884,Amazon,Agustin Maza,https://ir.aboutamazon.com/overview/default.aspx,https://ir.aboutamazon.com/overview/default.aspx,200,ir-page-no-calendar,IR content but no calendar keywords,0,0,0,,find-calendar-subpage
55890,Ambipar,Ignacio Zamorano,https://ri.ambipar.com/en/financial-information/quarterly-results/,https://ri.ambipar.com/en/financial-information/quarterly-results/,200,calendar-page,calendar/results keywords present,0,0,0,,keep-current
1426,Amer Sports,Peter Megarity,https://investors.amersports.com/events-and-presentations/default.aspx,https://investors.amersports.com/events-and-presentations/default.aspx,200,ir-page-no-calendar,IR content but no calendar keywords,0,0,0,0001988894,use-sec
55900,America Movil,Rodrigo Maass,https://www.americamovil.com/English/investors/events/calendar/default.aspx,https://www.americamovil.com/English/investors/events/calendar/default.aspx,200,calendar-page,calendar/results keywords present,0,0,0,,keep-current
1563,American Airlines Group,Gisela Pollanco,https://americanairlines.gcs-web.com/events-and-presentations/presentations,,0,fetch-error,timeout,0,0,0,0000006201,use-sec
55936,American Express,Arturo Miquel,https://ir.americanexpress.com/events/default.aspx,https://ir.americanexpress.com/events/default.aspx,200,calendar-page,calendar/results keywords present,0,0,0,0000004962,use-sec
55926,American Tower,Matias Fauré,https://www.americantower.com/press-releases,https://www.americantower.com/press-releases,200,ir-page-no-calendar,IR content but no calendar keywords,1,0,0,,use-rss
60378,Americanas,Gisela Pollanco,https://ri.americanas.io/informacoes-aos-investidores/calendario-de-eventos/,https://ri.americanas.io/informacoes-aos-investidores/calendario-de-eventos/,403,thin-body,only 261 chars of visible text,0,0,0,,js-render-required
55949,Amphenol,Ibrahim Dughman,https://investors.amphenol.com/news-and-events/events/default.aspx,https://investors.amphenol.com/news-and-events/events/default.aspx,200,calendar-page,calendar/results keywords present,0,0,0,,keep-current
55953,Amprion,Peter Megarity,https://www.amprion.net/Amprion/Investor-Relations/Financial-calendar/,https://www.amprion.net/Investor-Relations/Financial-calendar-2026/,200,calendar-page,calendar/results keywords present,0,0,0,,keep-current
1008,Anglo American,Liviyan Raj Kovindasamy,https://www.angloamerican.com/investors/investor-calendar,https://www.angloamerican.com/investors/investor-calendar,200,calendar-page,calendar/results keywords present,0,0,0,,keep-current
55992,Antofagasta,Arturo Miquel,https://www.antofagasta.co.uk/investors/financial-calendar/,https://www.antofagasta.co.uk/investors/financial-calendar/,200,calendar-page,calendar/results keywords present,0,0,0,,keep-current
2174,Anywhere Real Estate,Clemente Masferrer,https://investors.compass.com/events-and-presentations/events/default.aspx,https://investors.compass.com/news-events/events-and-presentations,200,calendar-page,calendar/results keywords present,1,0,1,,use-jsonld
2927,Apollo Commercial Real Estate,Rafael Alamo,https://www.apollocref.com/#accordion-9cfb13dc68-item-f5633238ca,https://www.apollocref.com/,200,calendar-page,calendar/results keywords present,0,0,0,,keep-current
3450,AppLovin,Matias Fauré,https://investors.applovin.com/overview/default.aspx,https://investors.applovin.com/overview/default.aspx,200,ir-page-no-calendar,IR content but no calendar keywords,0,0,0,0001751008,use-sec
7638,Applus+,Zoë Miller,https://www.amberjvco.com/en/,https://www.amberjvco.com/en/,200,calendar-page,calendar/results keywords present,0,0,0,,keep-current
56037,Arada,Danny Bin Khairul Nizam,https://www.arada.com/en/investor-relations-2026/,https://www.arada.com/en/investor-relations-2026/,200,ir-page-no-calendar,IR content but no calendar keywords,1,0,0,,use-rss
1009,Aramark,Arturo Miquel,https://aramark.gcs-web.com/events-and-presentations,,0,fetch-error,timeout,0,0,0,0001584509,use-sec
62285,Aramco,Muhammad Azib Bin Ahmad,https://www.aramco.com/en/investors/shareholder-information/financial-calendar,https://www.aramco.com/en/investors/shareholder-information/financial-calendar,200,calendar-page,calendar/results keywords present,0,0,0,,keep-current
2544,Archrock,Arturo Miquel,https://investors.archrock.com/events-and-presentations/default.aspx,https://investors.archrock.com/events-and-presentations/default.aspx,200,calendar-page,calendar/results keywords present,0,0,0,0001389050,use-sec
55673,Arcos Dorados,Vicente Sánchez,https://ir.arcosdorados.com/,https://ir.arcosdorados.com/,200,ir-page-no-calendar,IR content but no calendar keywords,0,0,0,0001508478,use-sec
2858,Arcosa,Martin Cofre,https://ir.arcosa.com/news-events/events-presentations/default.aspx,https://ir.arcosa.com/news-events/events-presentations/default.aspx,200,ir-page-no-calendar,IR content but no calendar keywords,0,0,0,0001739445,use-sec
600,Ardagh,Neil McShane,https://www.ardaghgroup.com/investors/news-events/ir-calendar,https://www.ardaghgroup.com/investors/news-events/ir-calendar,200,calendar-page,calendar/results keywords present,1,0,0,,use-rss
2822,Ardagh Metal Packaging,Michael Clark,https://ir.ardaghmetalpackaging.com/news-events/press-releases,https://ir.ardaghmetalpackaging.com/news-events/press-releases,200,calendar-page,calendar/results keywords present,1,0,0,0001845097,use-sec
1762,Ardent Health Services,Lucas Mateluna,https://ir.ardenthealth.com/events-and-presentations/event-details/2026/Ardent-Health-Fourth-Quarter-2025-Earnings-Conference-Call/default.aspx,https://ir.ardenthealth.com/events-and-presentations/event-details/2026/Ardent-Health-Fourth-Quarter-2025-Earnings-Conference-Call/default.aspx,200,ir-page-no-calendar,IR content but no calendar keywords,0,0,0,,find-calendar-subpage
1026,Ardonagh (KIRS Group),Peter Megarity,https://www.ardonagh.com/,https://www.ardonagh.com/,200,non-ir-page,no IR/calendar signals,0,0,0,,replace-url
56061,Ares,Agustin Maza,https://ir.aresmgmt.com/news-events-presentations/events-and-presentations,https://ir.ares.com/news-events-presentations/events-and-presentations,200,ir-page-no-calendar,IR content but no calendar keywords,0,0,0,,find-calendar-subpage
9591,Ares Capital Corporation,Rodrigo Maass,https://arcc.ares.com/events-presentations#event-calendar,https://arcc.ares.com/events-presentations,200,non-ir-page,no IR/calendar signals,0,0,0,0001287750,use-sec
2421,Array Digital Infrastructure,Bastián Miranda Olivares,https://investors.arrayinc.com/events-and-presentations/default.aspx,https://investors.arrayinc.com/events-and-presentations/default.aspx,200,ir-page-no-calendar,IR content but no calendar keywords,0,0,0,0000821130,use-sec
602,Arrow Global,Michael Clark,https://www.arrowglobal.net/financial-calendar,https://www.arrowglobal.net/financial-calendar,200,calendar-page,calendar/results keywords present,1,0,1,,use-jsonld
55747,Arthur J. Gallagher,Agustin Maza,https://investor.ajg.com/events-and-presentations/default.aspx,https://investor.ajg.com/events-and-presentations/default.aspx,200,calendar-page,calendar/results keywords present,0,0,0,,keep-current
2815,Arxada (Lonza Specialty Ingredients),Michael Clark,https://www.arxada.com/en/Investors,https://www.arxada.com/en/Investors,200,ir-page-no-calendar,IR content but no calendar keywords,0,0,0,,find-calendar-subpage
2548,Asbury Automotive,Matias Fauré,https://investors.asburyauto.com/events,https://investors.asburyauto.com/events,429,http-4xx,status 429,0,0,0,0001144980,use-sec
2809,Asda,Peter Megarity,https://www.asda.com/,https://www.asda.com/,200,non-ir-page,no IR/calendar signals,0,0,0,,replace-url
1724,Ashland,Ibrahim Dughman,https://investor.ashland.com/investor-calendar,,0,fetch-error,timeout,0,0,0,0001674862,use-sec
67819,Asian Development Bank,Mateshvaran Prabakaran,https://www.adb.org/news/events/calendar,https://www.adb.org/news/events/calendar,403,non-ir-page,no IR/calendar signals,0,0,0,,replace-url
67844,Asian Infrastructure Investment Bank,Liviyan Raj Kovindasamy,https://www.aiib.org/en/news-events/events/upcoming-events/index.html,https://www.aiib.org/en/news-events/events/upcoming-events/index.html,200,calendar-page,calendar/results keywords present,0,0,0,,keep-current
52304,Assemblin Caverion Group,Ross Murray,https://www.assemblincaverion.com/investors/,https://www.assemblincaverion.com/investors/,200,calendar-page,calendar/results keywords present,0,0,0,,keep-current
605,Aston Martin,Michael Clark,https://www.astonmartin.com/en/corporate/investors/calendar,https://www.astonmartin.com/en/corporate/investors/calendar,200,calendar-page,calendar/results keywords present,0,0,0,,keep-current
56139,AstraZeneca,Zoë Miller,https://www.astrazeneca.com/investor-relations/full-year-and-q4-2025-results-event.html,https://www.astrazeneca.com/investor-relations/full-year-and-q4-2025-results-event.html,200,calendar-page,calendar/results keywords present,0,0,0,0000901832,use-sec
3326,Asurion,Martina Pino,https://www.asurion.com/about/newsroom/,https://www.asurion.com/about/newsroom/,200,non-ir-page,no IR/calendar signals,0,0,0,,replace-url
606,Atalian,Ross Murray,https://atalian.com/investors-news/,https://atalian.com/investors-news/,200,ir-page-no-calendar,IR content but no calendar keywords,1,0,0,,use-rss
1036,Atento,Vicente Sánchez,https://atento2021ir.q4web.com/events-and-presentations/events-calendar/default.aspx,https://atento2021ir.q4web.com/events-and-presentations/events-calendar/default.aspx,200,ir-page-no-calendar,IR content but no calendar keywords,0,0,0,,find-calendar-subpage
56146,Athene Global Funding,Ibrahim Dughman,https://ir.athene.com/news-events/event-calendar,https://ir.athene.com/news-events/event-calendar,200,calendar-page,calendar/results keywords present,1,0,0,,use-rss
7692,Atos SE,Michael Clark,https://atos.net/en/investors/financial-calendar,https://www.atosgroup.com/en/investors/financial-calendar,200,calendar-page,calendar/results keywords present,0,0,2,,use-jsonld
56177,Auna,Maria Luisa Torres,https://aunainvestors.com/English/events/upcoming-conferences/default.aspx,https://aunainvestors.com/English/events/upcoming-conferences/default.aspx,200,calendar-page,calendar/results keywords present,0,0,0,0001799207,use-sec
1271,Avantor,Rafael Alamo,https://ir.avantorsciences.com/investors/news-and-events/events/default.aspx,https://ir.avantorsciences.com/investors/news-and-events/events/default.aspx,200,calendar-page,calendar/results keywords present,0,0,0,0001722482,use-sec
4040,Aveanna Healthcare,Rafael Alamo,https://ir.aveanna.com/news-events/events-presentations,,0,fetch-error,timeout,0,0,0,0001832332,use-sec
3739,Avianca,Ignacio Zamorano,https://ir.avianca.com/financial-results,https://ir.avianca.com/financial-results,200,calendar-page,calendar/results keywords present,1,0,0,,use-rss
998,Avis Budget,Tomas Pugin,https://ir.avisbudgetgroup.com/events-and-presentations/events,,0,fetch-error,timeout,0,0,0,0000723612,use-sec
1566,Avolon,Zoë Miller,https://investors.avolon.aero/access/login.aspx?loginreturnUrl=/,https://investors.avolon.aero/login,200,ir-page-no-calendar,IR content but no calendar keywords,0,0,0,,find-calendar-subpage
2976,Axactor,Peter Megarity,https://www.axactor.com/investor-relations/financial-calender,https://www.axactor.com/investor-relations/financial-calender,200,calendar-page,calendar/results keywords present,0,0,0,,keep-current
966,Axalta,Vicente Sánchez,https://ir.axalta.com/news/ir-calendar,https://ir.axalta.com/news/ir-calendar,200,calendar-page,calendar/results keywords present,1,0,0,,use-rss
58173,Axia Energia (formerly Eletrobras),Cata Rifo,https://ri.axia.com.br/en/ir-services/events-calendar/,https://ri.axia.com.br/en/ir-services/events-calendar/,200,calendar-page,calendar/results keywords present,0,0,1,0001439124,use-sec
53704,Azul Airlines,Mati Ossandon,https://ri.voeazul.com.br/en/news-and-presentations/agenda/,https://ri.voeazul.com.br/en/news-and-presentations/agenda/,200,ir-page-no-calendar,IR content but no calendar keywords,0,0,1,,use-jsonld
54149,Azule Energy,Umairah Huda Binti Mohamad Asri,https://www.azule-energy.com/en/investors/,https://www.azule-energy.com/en/investors,404,ir-page-no-calendar,IR content but no calendar keywords,0,0,0,,find-calendar-subpage
2143,B&G Foods,Mati Ossandon,https://bgfoods.com/investor-relations/events/,https://bgfoods.com/investor-relations/events/,200,calendar-page,calendar/results keywords present,2,0,1,0001278027,use-sec
46618,B. Riley Financial,Clemente Masferrer,https://ir.brcgh.com/events-and-presentations#past:2026:3,https://ir.brcgh.com/events-and-presentations#past:2026:3,200,calendar-page,calendar/results keywords present,0,0,0,,keep-current
56520,BBVA,Umairah Huda Binti Mohamad Asri,https://shareholdersandinvestors.bbva.com/financials/financial-calendar/,https://shareholdersandinvestors.bbva.com/financials/financial-calendar/,200,calendar-page,calendar/results keywords present,2,0,0,,use-rss
56622,BHP,Michael Clark,https://www.bhp.com/investors/financial-calendar,https://www.bhp.com/investors/financial-calendar,403,http-4xx,status 403,0,0,0,0000811809,use-sec
3018,BIP,Bryan McManus,https://www.bip-group.com/financial-calendar,https://www.bip-group.com/login?redirectTo=/financial-calendar,200,non-ir-page,no IR/calendar signals,0,0,0,,replace-url
56691,BNP Paribas,Danny Bin Khairul Nizam,https://invest.bnpparibas/en/agenda,https://invest.bnpparibas/en/agenda,200,calendar-page,calendar/results keywords present,0,0,0,,keep-current
56416,BOC Aviation,Muhammad Danish Noramri,https://www.bocaviation.com/en/Investors/Financial-Calendar,https://www.bocaviation.com/en/Investors/Financial-Calendar,200,calendar-page,calendar/results keywords present,0,0,0,,keep-current
56741,BP Capital,Peter Megarity,https://www.bp.com/investors/shareholder-and-dividend-information/financial-calendar,https://www.bp.com/investors/shareholder-and-dividend-information/financial-calendar,200,calendar-page,calendar/results keywords present,0,0,0,,keep-current
56742,BPCE Group,Danny Bin Khairul Nizam,https://www.groupebpce.com/,https://www.groupebpce.com/,200,non-ir-page,no IR/calendar signals,0,0,0,,replace-url
56743,BPCE SFH,Danny Bin Khairul Nizam,https://www.groupebpce.com/investisseurs/en-synthese/,https://www.groupebpce.com/investisseurs/en-synthese/,200,non-ir-page,no IR/calendar signals,0,0,0,,replace-url
2794,BT,Christina Rankin,https://www.bt.com/about/investors/financial-reporting-and-news/financial-calendar,https://www.bt.com/about/investors/financial-reporting-and-news/financial-calendar,200,calendar-page,calendar/results keywords present,0,0,0,,keep-current
56279,Baidu,Danny Bin Khairul Nizam,https://ir.baidu.com/ir-calendar,,0,fetch-error,timeout,0,0,0,0001329099,use-sec
56281,Baker Hughes,Clemente Masferrer,https://investors.bakerhughes.com/events,https://investors.bakerhughes.com/events-presentations/default.aspx,200,ir-page-no-calendar,IR content but no calendar keywords,0,0,0,0001701605,use-sec
1011,Ball Corporation,Ibrahim Dughman,https://investors.ball.com/news-presentations/news-presentations/past,https://investors.ball.com/news-presentations/news-presentations/past,200,calendar-page,calendar/results keywords present,1,0,0,0000009389,use-sec
56307,Banca Transilvania,Mark Joseph,https://www.bancatransilvania.ro/relatii-investitori/calendar-de-comunicare-financiara?_gl=1*g1x5st*_gcl_au*MTE2MTcwMzExOC4xNzg1MjA1NzIz,https://www.bancatransilvania.ro/relatii-investitori/calendar-de-comunicare-financiara?_gl=1*g1x5st*_gcl_au*MTE2MTcwMzExOC4xNzg1MjA1NzIz,403,non-ir-page,no IR/calendar signals,0,0,0,,replace-url
56321,Banco BPM,Mark Joseph,https://gruppo.bancobpm.it/en/investor-relations/,https://gruppo.bancobpm.it/en/investor-relations/,200,ir-page-no-calendar,IR content but no calendar keywords,1,0,0,,use-rss
56331,Banco Davivienda,Martina Pino,https://ir.davivienda.com/en/news-and-events/#events,https://ir.davivienda.com/en/news-and-events/,200,calendar-page,calendar/results keywords present,0,0,1,,use-jsonld
56333,Banco De Bogota,Martina Pino,https://www.bancodebogota.com/wps/portal/banco-de-bogota/bogota/relacion-inversionista/informacion-financiera/resultados-financieros/resultados-trimestrales,https://www.bancodebogota.com/wps/portal/banco-de-bogota/bogota/relacion-inversionista/informacion-financiera/resultados-financieros/resultados-trimestrales,200,ir-page-no-calendar,IR content but no calendar keywords,0,0,0,,find-calendar-subpage
56334,Banco De Chile,Cata Rifo,https://sitiospublicos.bancochile.cl/nuestro-banco/en/investor-relations/calendar,https://sitiospublicos.bancochile.cl/nuestro-banco/en/investor-relations/calendar,200,ir-page-no-calendar,IR content but no calendar keywords,0,0,0,,find-calendar-subpage
56339,Banco Galicia,Agustin Maza,https://www.gfgsa.com/es/informacion-financiera,https://www.gfgsa.com/es/informacion-financiera,0,fetch-error,Error: Page.goto: net::ERR_EMPTY_RESPONSE at https://www.gfgsa.com/es/informacion-finan,0,0,0,,replace-url
56356,Banco Macro,Martina Pino,https://www.macro.com.ar/relaciones-inversores/en/more-resources/events,https://www.macro.com.ar/relaciones-inversores/en/more-resources/events,200,non-ir-page,no IR/calendar signals,0,0,0,,replace-url
56384,Bangkok Bank,Danny Bin Khairul Nizam,https://www.bangkokbank.com/en/Investor-Relations/event-calendar,https://www.bangkokbank.com/en/Investor-Relations/event-calendar,200,ir-page-no-calendar,IR content but no calendar keywords,0,0,0,,find-calendar-subpage
56389,Banistmo,Bastián Miranda Olivares,https://www.banistmo.com/wps/portal/banistmo/acerca-de/informacion-corporativa/relacion-con-inversionistas,https://www.banistmo.com/acerca-de/informacion-corporativa/relacion-con-inversionistas,200,non-ir-page,no IR/calendar signals,0,0,0,,replace-url
56398,Bank Gospodarstwa Krajowego,Mark Joseph,https://www.bgk.pl/dla-klienta/relacje-inwestorskie/,https://www.bgk.pl/dla-klienta/relacje-inwestorskie/,403,non-ir-page,no IR/calendar signals,0,0,0,,replace-url
56402,Bank Leumi Le-Israel,Sharusree Nandakumar,https://www.prnewswire.com/il/news-releases/bank-leumi-to-report-2q-2026-financial-results-on-august-12-2026-302831912.html,https://www.prnewswire.com/il/news-releases/bank-leumi-to-report-2q-2026-financial-results-on-august-12-2026-302831912.html,200,ir-page-no-calendar,IR content but no calendar keywords,0,0,0,,find-calendar-subpage
56405,Bank Mandiri,Mateshvaran Prabakaran,https://www.bankmandiri.co.id/web/ir/events-calendar?p_p_id=Ir_Calendar_Portlet_INSTANCE_Y3pazVFvp63h&p_p_lifecycle=0&p_p_state=normal&p_p_mode=view&_Ir_Calendar_Portlet_INSTANCE_Y3pazVFvp63h_year=2025,https://www.bankmandiri.co.id/web/ir/events-calendar?p_p_id=Ir_Calendar_Portlet_INSTANCE_Y3pazVFvp63h&p_p_lifecycle=0&p_p_state=normal&p_p_mode=view&_Ir_Calendar_Portlet_INSTANCE_Y3pazVFvp63h_year=2025,200,ir-page-no-calendar,IR content but no calendar keywords,0,0,0,,find-calendar-subpage
56409,Bank Of America,Lucas Mateluna,https://investor.bankofamerica.com/events-and-presentations,https://investor.bankofamerica.com/events-and-presentations,200,calendar-page,calendar/results keywords present,1,0,1,,use-jsonld
56415,Bank Of China,Mateshvaran Prabakaran,https://www.boc.cn/en/investor/ir8/200810/t20081024_7837.html,https://www.boc.cn/en/investor/ir8/200810/t20081024_7837.html,200,calendar-page,calendar/results keywords present,0,0,0,,keep-current
56418,Bank Of Communications,Muhammad Azib Bin Ahmad,https://www.hk.bankcomm.com/hk/shtml/hk/en/2005773/2005780/5005234/list_1.shtml?channelId=3005507,https://www.hk.bankcomm.com/hk/shtml/hk/en/2005773/2005780/5005234/list_1.shtml?channelId=3005507,200,non-ir-page,no IR/calendar signals,0,0,0,,replace-url
56419,Bank Of Communications Financial Leasing,Jack Liew,https://www.bocommleasing.com/ywb/008003/008003003/news.html,https://www.bocommleasing.com/ywb/008003/008003003/news.html,200,non-ir-page,no IR/calendar signals,0,0,0,,replace-url
56421,Bank Of East Asia,Preveena Nantha Kumar,https://www.hkbea.com/html/en/bea-about-bea-investor-communication-dates-of-results-announcement.html?,https://www.hkbea.com/html/en/bea-about-bea-investor-communication-dates-of-results-announcement.html?,200,calendar-page,calendar/results keywords present,0,0,0,,keep-current
56429,Bank Of Montreal,Martina Pino,https://www.bmo.com/main/about-bmo/investor-relations/presentations-events,https://www.bmo.com/main/about-bmo/investor-relations/presentations-events,0,fetch-error,Error: Page.goto: net::ERR_HTTP2_PROTOCOL_ERROR at https://www.bmo.com/main/about-bmo/i,0,0,0,,replace-url
56443,Bank Pekao,Kartigeiswary Deva Kumar,https://www.pekao.com.pl/en/investors-relations/news-and-calendar/calendar.html,https://www.pekao.com.pl/en/investors-relations/news-and-calendar/calendar.html,200,ir-page-no-calendar,IR content but no calendar keywords,0,0,0,,find-calendar-subpage
56358,Banorte,Anais Ruz,https://investors.banorte.com/en/news-and-events/events-and-presentations,https://investors.banorte.com/en/news-and-events/events-and-presentations,200,calendar-page,calendar/results keywords present,0,0,0,,keep-current
56615,Banque Federative du Credit Mutuel,Jack Liew,https://investors.bfcm.creditmutuel.fr/investor-relations/press-releases,https://investors.bfcm.creditmutuel.fr/investor-relations/press-releases,403,ir-page-no-calendar,IR content but no calendar keywords,0,0,0,,find-calendar-subpage
56468,Banque Saudi Fransi,Muhammad Azrul Mokhtar,https://bsf.sa/english/top-menu/investorrelation/financial-calendar,https://bsf.sa/english/top-menu/investorrelation/financial-calendar,200,calendar-page,calendar/results keywords present,0,0,0,,keep-current
1696,Barclays,Jack Liew,https://home.barclays/investor-relations/reports-and-events/financial-calendar/,https://home.barclays/investor-relations/reports-and-events/financial-calendar/,200,calendar-page,calendar/results keywords present,0,0,0,0000312069,use-sec
1121,Bausch Health Companies (Valeant),Gisela Pollanco,https://ir.bauschhealth.com/events-and-presentations/2025,https://ir.bauschhealth.com/events-and-presentations/2025,200,calendar-page,calendar/results keywords present,0,0,0,0000885590,use-sec
56511,Bayerische Landesbank,,https://www.bayernlb.com/internet/en/blb/resp/finanzinsitutionen/fi_gateway/einstieg_fi_1.jsp,https://www.bayernlb.com/internet/en/blb/resp/finanzinsitutionen/fi_gateway/einstieg_fi_1.jsp,200,calendar-page,calendar/results keywords present,0,0,0,,keep-current
56688,Bayerische Motoren Werke,Daire Vint,https://www.bmwgroup.com/en/investor-relations/corporate-events.html,https://www.bmwgroup.com/en/investor-relations/corporate-events.html,200,calendar-page,calendar/results keywords present,0,0,0,,keep-current
2146,Baytex Energy,Cata Rifo,https://www.baytexenergy.com/investors/events-presentations/#conference-calls,https://www.baytexenergy.com/investors/events-presentations/,200,ir-page-no-calendar,IR content but no calendar keywords,1,0,0,0001279495,use-sec
1478,Becton Dickinson,Agustin Maza,https://investors.bd.com/news-events/ir-calendar,https://investors.bd.com/news-events/ir-calendar,200,calendar-page,calendar/results keywords present,1,0,0,,use-rss
44220,Befimmo,Neil McShane,https://www.befimmo.be/en/investors,https://www.befimmo.be/en/investors/login,200,ir-page-no-calendar,IR content but no calendar keywords,0,0,0,,find-calendar-subpage
968,Belden,Ignacio Zamorano,https://investor.belden.com/news/default.aspx,https://investor.belden.com/news/default.aspx,200,ir-page-no-calendar,IR content but no calendar keywords,0,0,0,0000913142,use-sec
56578,Belfius Bank,Kartigeiswary Deva Kumar,https://www.belfius.be/about-us/en/investors/results-reports/results,https://www.belfius.be/about-us/en/investors/results-reports/results,200,calendar-page,calendar/results keywords present,0,0,0,,keep-current
5728,Benteler International,Neil McShane,https://www.benteler.com/en/investor-reporting-area/,https://www.benteler.com/en/investor-reporting-area/,403,ir-page-no-calendar,IR content but no calendar keywords,0,0,0,,find-calendar-subpage
56598,Berkshire Hathaway,Arturo Miquel,https://www.berkshirehathaway.com/news/2026news.html,https://www.berkshirehathaway.com/news/2026news.html,200,calendar-page,calendar/results keywords present,0,0,0,0001067983,use-sec
1431,Berry Global,Martin Cofre,https://www.amcor.com/investors/ir-calendar,https://www.amcor.com/investors/ir-calendar,200,calendar-page,calendar/results keywords present,0,0,0,,keep-current
52505,Besi,Ross Murray,https://www.besi.com/investor-relations/financial-calendar/,https://www.besi.com/investor-relations/financial-calendar/,200,calendar-page,calendar/results keywords present,0,0,0,,keep-current
989,BestSecret,Daire Vint,https://ir.bestsecret.com/,https://ir.bestsecret.com/,200,ir-page-no-calendar,IR content but no calendar keywords,0,0,0,,find-calendar-subpage
72706,Beusa,Mati Ossandon,https://beusaenergy.com/news/,https://beusaenergy.com/news/,200,non-ir-page,no IR/calendar signals,1,0,0,,use-rss
56639,Binghatti,Mateshvaran Prabakaran,https://www.binghatti.com/en/investors-relations,https://www.binghatti.com/en/investors-relations,200,calendar-page,calendar/results keywords present,0,0,0,,keep-current
1362,BioGroup LCD,Zoë Miller,https://invest.biogroup.fr/financial-information/,https://invest.biogroup.fr/financial-information/,404,http-404,not found,2,0,0,,use-rss
2827,Birkenstock,,https://www.birkenstock-holding.com/news-events#events,https://www.birkenstock-holding.com/news-events,200,thin-body,only 260 chars of visible text,0,0,0,0001977102,use-sec
616,Bite,Shi Man Fong,https://www.bitegroup.net/investment/calendar,https://www.bitegroup.net/investment/calendar,200,calendar-page,calendar/results keywords present,0,0,0,,keep-current
56665,Blackrock,Tomas Pugin,https://ir.blackrock.com/financials/quarterly-results/default.aspx,https://ir.blackrock.com/financials/quarterly-results/default.aspx,200,calendar-page,calendar/results keywords present,0,0,0,0002012383,use-sec
3005,Blackstone Mortgage Trust,Maria Luisa Torres,https://ir.blackstonemortgagetrust.com/events/default.aspx,https://ir.blackstonemortgagetrust.com/events/default.aspx,200,ir-page-no-calendar,IR content but no calendar keywords,0,0,0,0001061630,use-sec
9596,Blackstone Private Credit Fund,Agustin Maza,https://www.blackstone.com/news/press/blackstone-announces-fourth-quarter-and-full-year-2025-investor-call/,https://www.blackstone.com/news/press/blackstone-announces-fourth-quarter-and-full-year-2025-investor-call/,200,non-ir-page,no IR/calendar signals,2,0,0,,use-rss
10857,Blackstone Secured Lending Fund,Matias Fauré,https://www.bxsl.com/press-releases/,https://www.bxsl.com/press-releases/,200,calendar-page,calendar/results keywords present,2,0,0,0001736035,use-sec
56702,Boeing Capital Corporation,Mati Ossandon,https://investors.boeing.com/investors/events-presentations/default.aspx,https://investors.boeing.com/investors/events-presentations/default.aspx,200,calendar-page,calendar/results keywords present,0,0,0,,keep-current
1748,Boels Rental,Bryan McManus,https://www.investors.boels.com/portal/login,https://www.investors.boels.com/portal/login,200,ir-page-no-calendar,IR content but no calendar keywords,0,0,0,,find-calendar-subpage
1137,Bombardier,Cata Rifo,https://bombardier.com/en/investors/investor-events,https://bombardier.com/en/investors/investor-events,200,ir-page-no-calendar,IR content but no calendar keywords,0,0,0,,find-calendar-subpage
56717,Booking Holdings,Mati Ossandon,https://ir.bookingholdings.com/events-and-presentations/Events/default.aspx,https://ir.bookingholdings.com/events-and-presentations/default.aspx,200,non-ir-page,no IR/calendar signals,0,0,0,0001075531,use-sec
3178,Boots,Neil McShane,https://investor.walgreensbootsalliance.com/news-events#financial-news,https://corporate.walgreens.com/,200,redirected-to-home,redirected to homepage,2,0,0,,use-rss
618,Boparan,Joss Smyth,https://www.2sfg.com/Investors/Financial-Calendar,https://www.2sfg.com/Investors/Financial-Calendar,200,calendar-page,calendar/results keywords present,0,0,0,,keep-current
65040,Boroo PTE,Martin Cofre,https://boroomc.com.sg/news/,https://boroomc.com.sg/news/,200,ir-page-no-calendar,IR content but no calendar keywords,1,0,0,,use-rss
8685,Borr Drilling,Mati Ossandon,https://www.borrdrilling.com/financial-calendar,https://www.borrdrilling.com/financial-calendar,200,calendar-page,calendar/results keywords present,0,0,0,0001715497,use-sec
62092,Bosch,Daire Vint,http://bosch.com/company/investor-relations/,https://www.bosch.com/company/investor-relations/,200,ir-page-no-calendar,IR content but no calendar keywords,0,0,0,,find-calendar-subpage
1804,Brand Industrial Services,Maria Luisa Torres,https://brandsafway.com/media/,https://brandsafway.com/media/,200,non-ir-page,no IR/calendar signals,1,0,0,,use-rss
2995,Branicks (DIC Asset AG),Peter Megarity,https://branicks.com/en/ir/financial-calendar/,https://branicks.com/en/ir/financial-calendar/,200,calendar-page,calendar/results keywords present,2,0,0,,use-rss
56763,Braskem,Agustin Maza,https://www.braskem-ri.com.br/en/information-to-shareholders/ir-calendar/,https://www.braskem-ri.com.br/en/information-to-shareholders/ir-calendar/,200,calendar-page,calendar/results keywords present,0,0,0,0001071438,use-sec
56764,Braskem Idesa,Rodrigo Maass,https://inversionistasbraskemidesa.com.mx/,https://inversionistasbraskemidesa.com.mx/,200,ir-page-no-calendar,IR content but no calendar keywords,0,0,0,,find-calendar-subpage
55520,Brava Energia,Mati Ossandon,https://ri.bravaenergia.com/en/servicos-aos-investidores/calendar-of-events/,https://ri.bravaenergia.com/en/investor-services/calendar-of-events/,200,calendar-page,calendar/results keywords present,0,0,1,0002095292,use-sec
1000,Bread Financial,Clemente Masferrer,https://investor.breadfinancial.com/news-events/events-presentations,,0,fetch-error,timeout,0,0,0,0001101215,use-sec
8710,BrightSpring Health Services,Rodrigo Maass,https://ir.brightspringhealth.com/news-events/events,,0,fetch-error,timeout,0,0,0,0001865782,use-sec
1072,Brightstar Lottery,Anais Ruz,https://ir.brightstarlottery.com/events-and-presentations/event-calendar/default.aspx,https://ir.brightstarlottery.com/events-and-presentations/event-calendar/default.aspx,200,calendar-page,calendar/results keywords present,0,0,0,0001619762,use-sec
1844,Brink's,Rafael Alamo,https://investors.brinks.com/news-and-events/events,https://investors.brinks.com/news-and-events/events,403,ir-page-no-calendar,IR content but no calendar keywords,0,0,0,,find-calendar-subpage
56494,British American Tobacco,Christina Rankin,https://www.bat.com/investors-and-reporting/financial-calendar,https://www.bat.com/investors-and-reporting/financial-calendar,200,calendar-page,calendar/results keywords present,0,0,0,0001303523,use-sec
56800,Broadcom,Rodrigo Maass,https://investors.broadcom.com/company-information/events-presentations,,0,fetch-error,timeout,0,0,0,0001730168,use-sec
56826,Buenaventura,Agustin Maza,https://buenaventura.com/en/eventos-nuevos/,https://buenaventura.com/en/eventos-nuevos/,200,non-ir-page,no IR/calendar signals,2,1,0,,use-ical
1201,CBR Fashion,Daire Vint,https://www.cbr.de/en/investor-relations/financial-calendar,https://www.cbr.de/en/investor-relations/financial-calendar,200,calendar-page,calendar/results keywords present,0,0,0,,keep-current
8687,CCC Intelligent Solutions,Tomas Pugin,https://www.cccis.com/,https://www.cccis.com/,200,non-ir-page,no IR/calendar signals,0,0,0,0001818201,use-sec
57142,CEZ Group,Mateshvaran Prabakaran,https://www.cez.cz/nextcez/en/investors/ir-events-calendar,https://www.cez.cz/nextcez/en/investors/ir-events-calendar,200,ir-page-no-calendar,IR content but no calendar keywords,0,0,1,,use-jsonld
65825,CFE Capital,Ignacio Zamorano,https://cfecapital.com.mx/inversionistas,https://cfecapital.com.mx/inversionistas,200,ir-page-no-calendar,IR content but no calendar keywords,0,0,0,,find-calendar-subpage
57421,CITIC Securities,Preveena Nantha Kumar,https://www.cs.ecitic.com/newsite/en/investorRelations/earningsAnnouncement/,https://www.cs.ecitic.com/newsite/en/investorRelations/earningsAnnouncement/,200,calendar-page,calendar/results keywords present,0,0,0,,keep-current
57457,CK Hutchison,Mark Joseph,https://www.ckh.com.hk/en/ir/calendar.php,https://www.ckh.com.hk/en/ir/calendar.php,200,calendar-page,calendar/results keywords present,0,0,0,,keep-current
58236,CMPC Investments,Anais Ruz,https://ir.cmpc.com/inicio?lang=es-CL,https://ir.cmpc.com/inicio?lang=es-CL,200,non-ir-page,no IR/calendar signals,0,0,0,,replace-url
648,CNH Industrial,Peter Megarity,https://investors.cnh.com/events-and-presentations/events-presentations/default.aspx,https://investors.cnh.com/events-and-presentations/events-presentations/default.aspx,200,ir-page-no-calendar,IR content but no calendar keywords,0,0,0,0001567094,use-sec
2419,CNX Resources Corporation,Martina Pino,https://investors.cnx.com/news-releases?_gl=1*1x9exq2*_ga*MjAzNjQ2ODg5Ny4xNzE4NjI4MTQ0*_ga_J45GN94C8V*MTcxODYyODE0My4xLjEuMTcxODYyODE1NS40OC4wLjA.,https://investors.cnx.com/news-releases?_gl=1*1x9exq2*_ga*MjAzNjQ2ODg5Ny4xNzE4NjI4MTQ0*_ga_J45GN94C8V*MTcxODYyODE0My4xLjEuMTcxODYyODE1NS40OC4wLjA.,200,calendar-page,calendar/results keywords present,0,0,0,0001070412,use-sec
1588,CPI Property Group,Jack Liew,https://www.cpipg.com/en/for-investors/events,https://www.cpipg.com/en/for-investors/events,200,calendar-page,calendar/results keywords present,0,0,0,,keep-current
57735,CRH PLC,Bryan McManus,https://www.crh.com/investors/financial-calendar-2/,https://www.crh.com/investors/financial-calendar-2/,200,calendar-page,calendar/results keywords present,2,0,0,,use-rss
57771,CTP,Muhammad Azrul Mokhtar,https://ctp.eu/investors/financial-calendar/,https://ctp.eu/investors/financial-calendar/,200,calendar-page,calendar/results keywords present,0,0,0,,keep-current
2442,CVR Energy,Arturo Miquel,https://investors.cvrenergy.com/events-and-presentations/default.aspx,https://investors.cvrenergy.com/events-and-presentations/default.aspx,200,ir-page-no-calendar,IR content but no calendar keywords,0,0,0,0001376139,use-sec
57782,CVS Health,Maria Luisa Torres,https://investors.cvshealth.com/events-and-presentations/default.aspx,https://investors.cvshealth.com/events-and-presentations/default.aspx,200,calendar-page,calendar/results keywords present,0,0,0,0000064803,use-sec
57789,CYDSA,Rodrigo Maass,https://www.cydsa.com/news/?lang=en,https://www.cydsa.com/news/?lang=en,502,http-5xx,status 502,1,0,0,,use-rss
56857,Ca Home Loan SFH,Ummu Aiman binti Mohd Thani,https://www.credit-agricole.com/en/finance/financial-calendar,https://www.credit-agricole.com/en/finance/financial-calendar,200,calendar-page,calendar/results keywords present,0,0,0,,keep-current
630,Cable & Wireless Communications,Ignacio Zamorano,https://investors.lla.com/fixed-income/?utm_source=,https://investors.lla.com/fixed-income/?utm_source=,200,ir-page-no-calendar,IR content but no calendar keywords,0,0,0,,find-calendar-subpage
2181,Caesars Entertainment,Matias Fauré,https://investor.caesars.com/events-and-presentations,,0,fetch-error,timeout,0,0,0,0001590895,use-sec
56871,Caisse Francaise de Financement Local,Danny Bin Khairul Nizam,https://sfil.fr/en/results-and-publications/,https://sfil.fr/en/results-and-publications/,200,non-ir-page,no IR/calendar signals,1,0,0,,use-rss
57734,Caisse de Refinancement de l'Habitat,Shi Man Fong,https://www.crh-bonds.com/Communique/Liste_Communique.html,https://www.crh-bonds.com/Communique/Liste_Communique.html,200,non-ir-page,no IR/calendar signals,0,0,0,,replace-url
56877,Caixa Economica Federal,Vicente Sánchez,https://ri.caixa.gov.br/informacao-ao-mercado/calendario-de-eventos/,https://ri.caixa.gov.br/informacao-ao-mercado/calendario-de-eventos/,200,non-ir-page,no IR/calendar signals,0,0,1,,use-jsonld
56884,Caixabank,Sharusree Nandakumar,https://www.caixabank.com/es/actualidad.html,https://www.caixabank.com/es/actualidad.html,200,ir-page-no-calendar,IR content but no calendar keywords,0,0,0,,find-calendar-subpage
56891,Caja de Compensación Los Andes,Lucas Mateluna,https://somosandes.cajalosandes.cl/inversionistas,https://somosandes.cajalosandes.cl/inversionistas,200,calendar-page,calendar/results keywords present,0,0,0,,keep-current
2778,California Resources Corporation,Maria Luisa Torres,https://www.crc.com/investor-relations/financials-disclosures/overview,,0,fetch-error,timeout,0,0,0,0001609253,use-sec
2198,Calumet Specialty Products Partners,Gisela Pollanco,https://calumet.investorroom.com/Events,https://calumet.investorroom.com/Events,200,calendar-page,calendar/results keywords present,0,0,0,,keep-current
56944,Canacol,Lucas Mateluna,https://canacolenergy.com/investors/events/,https://canacolenergy.com/investors/events/,200,calendar-page,calendar/results keywords present,0,0,1,,use-jsonld
57383,Canadian Imperial Bank of Commerce,Agustin Maza,https://www.cibc.com/en/about-cibc/investor-relations/news-releases.html,https://www.cibc.com/en/about-cibc/investor-relations/news-releases.html,200,calendar-page,calendar/results keywords present,0,0,0,,keep-current
7674,Canary Wharf Group,Christina Rankin,https://cwg.com/media/press-releases/,https://cwg.com/media/press-releases/,200,thin-body,only 0 chars of visible text,1,0,0,,use-rss
2648,Canpack,Sharusree Nandakumar,https://www.canpack.com/investor-relations/financial-calendar/,https://www.canpack.com/investor-relations/financial-calendar/,200,calendar-page,calendar/results keywords present,0,0,0,,keep-current
56967,Capgemini,Bryan McManus,https://investors.capgemini.com/en/calendar/,https://investors.capgemini.com/en/calendar/,200,calendar-page,calendar/results keywords present,2,0,0,,use-rss
56972,CapitaLand Ascendas REIT,Kavithaasree Singaveloo,https://investor.capitaland-ascendasreit.com/financial-calendar.html,https://investor.capitaland-ascendasreit.com/financial-calendar.html,202,calendar-page,calendar/results keywords present,0,0,0,,keep-current
53487,Capital One,Ignacio Zamorano,https://investor.capitalone.com/,https://investor.capitalone.com/,403,ir-page-no-calendar,IR content but no calendar keywords,0,0,0,,find-calendar-subpage
56983,Cardinal Health,Martin Cofre,https://ir.cardinalhealth.com/overview/default.aspx,https://ir.cardinalhealth.com/overview/default.aspx,200,calendar-page,calendar/results keywords present,0,0,0,0000721371,use-sec
65304,Carlsberg Breweries,Joss Smyth,https://www.carlsberggroup.com/investor-relations/investor-home/calendar/,https://www.carlsberggroup.com/investor-relations/investor-home/calendar/,200,calendar-page,calendar/results keywords present,0,0,0,,keep-current
1868,Carnival,Martin Cofre,https://www.carnivalcorp.com/investors/,https://www.carnivalcorp.com/investors/,200,ir-page-no-calendar,IR content but no calendar keywords,2,1,0,0000815097,use-sec
2212,Carriage Services,Tomas Pugin,https://investors.carriageservices.com/news-and-events/press-releases,,0,fetch-error,timeout,0,0,0,0001016281,use-sec
2259,Carvana,Cata Rifo,https://investors.carvana.com/events-and-presentations,https://investors.carvana.com/events-and-presentations,200,calendar-page,calendar/results keywords present,0,0,0,0001690820,use-sec
2267,Cascades,Tomas Pugin,https://www.cascades.com/en/news,https://www.cascades.com/en/news,200,ir-page-no-calendar,IR content but no calendar keywords,1,0,0,,use-rss
57030,Caterpillar,Oscar Carrasco,https://investors.caterpillar.com/events-presentations/default.aspx,https://investors.caterpillar.com/events-presentations/default.aspx,200,calendar-page,calendar/results keywords present,0,0,0,0000018230,use-sec
2898,Cedacri,Michael Clark,https://www.cedacri.it/en/company/news/news-ed-eventi,https://www.cedacri.it/en/company/news/news-ed-eventi,200,non-ir-page,no IR/calendar signals,0,0,0,,replace-url
57089,Celulosa Arauco,Martina Pino,https://arauco.com/investidores/?lang=en&r=1,https://arauco.com/investidores/?lang=en&r=1,200,ir-page-no-calendar,IR content but no calendar keywords,1,0,0,,use-rss
1042,Cemex,Vicente Sánchez,https://www.cemex.com/en/investors/events,https://www.cemex.com/en/investors/events,200,calendar-page,calendar/results keywords present,0,0,0,,keep-current
57097,Cencora,Mati Ossandon,https://investor.cencora.com/presentations-and-events/default.aspx,https://investor.cencora.com/presentations-and-events/default.aspx,200,calendar-page,calendar/results keywords present,0,0,0,0001140859,use-sec
56035,Cenomi Centers,Liviyan Raj Kovindasamy,https://centers.cenomi.com/sa-en/investor-overview/,https://centers.cenomi.com/sa-en/investor-overview/,200,ir-page-no-calendar,IR content but no calendar keywords,2,0,0,,use-rss
638,Center Parcs,Neil McShane,https://corporate.centerparcs.co.uk/governance/regulatory-compliance/financial-statements.html#accordion-ad1aa62d6d-item-031cd1fded,https://corporate.centerparcs.co.uk/governance/regulatory-compliance/financial-statements.html#accordion-ad1aa62d6d-item-031cd1fded,200,non-ir-page,no IR/calendar signals,0,0,0,,replace-url
57103,CenterPoint Energy,Anais Ruz,https://investors.centerpointenergy.com/events,,0,fetch-error,timeout,0,0,0,0001130310,use-sec
1366,Centrient Pharmaceuticals,Ross Murray,https://centrient.com/investor-relations,https://centrient.com/investor-relations,200,ir-page-no-calendar,IR content but no calendar keywords,0,0,0,,find-calendar-subpage
2307,Century Aluminum,Cata Rifo,https://investors.centuryaluminum.com/news-events/events-and-presentations/default.aspx,https://investors.centuryaluminum.com/news-events/events-and-presentations/default.aspx,200,ir-page-no-calendar,IR content but no calendar keywords,0,0,0,0000949157,use-sec
2309,Century Communities,Rodrigo Maass,https://investors.centurycommunities.com/events-and-presentations/default.aspx,https://investors.centurycommunities.com/events-and-presentations/default.aspx,200,ir-page-no-calendar,IR content but no calendar keywords,0,0,0,0001576940,use-sec
1143,Ceramtec,Daire Vint,https://www.ceramtec-group.com/en/company/investor-relations,https://www.ceramtec-group.com/en/company/investor-relations,200,ir-page-no-calendar,IR content but no calendar keywords,0,0,0,,find-calendar-subpage
639,Cerba,Neil McShane,https://invest.cerbahealthcare.com/,https://invest.cerbahealthcare.com/,200,non-ir-page,no IR/calendar signals,1,0,0,,use-rss
640,Cerved,Michael Clark,https://www.cerved.com/sq/bilanci-e-relazioni-finanziarie,https://www.cerved.com/sq/bilanci-e-relazioni-finanziarie,200,non-ir-page,no IR/calendar signals,0,0,0,,replace-url
68604,Ceske Drahy,Kartigeiswary Deva Kumar,https://www.ceskedrahy.cz/en/investors,https://www.ceskedrahy.cz/en/investors,200,ir-page-no-calendar,IR content but no calendar keywords,1,0,0,,use-rss
2362,Charles River Laboratories International,Tomas Pugin,https://ir.criver.com/news-releases,,0,fetch-error,timeout,0,0,0,0001100682,use-sec
57173,Charles Schwab,Gisela Pollanco,https://pressroom.aboutschwab.com/press-releases/default.aspx,https://pressroom.aboutschwab.com/press-releases/default.aspx,200,ir-page-no-calendar,IR content but no calendar keywords,0,0,0,,find-calendar-subpage
1597,Charter Communications,Matias Fauré,https://ir.charter.com/events-and-webcasts,https://ir.charter.com/events-and-webcasts,403,thin-body,only 227 chars of visible text,0,0,0,,js-render-required
1570,Cheniere Energy Partners,Bastián Miranda Olivares,https://lngir.cheniere.com/news-events/ir-calendar,https://lngir.cheniere.com/news-events/ir-calendar,200,calendar-page,calendar/results keywords present,1,0,0,0001383650,use-sec
1364,Cheplapharm Arzneimittel,Joss Smyth,https://www.cheplapharm.com/en/investor-relations/ir-contact-events/,https://www.cheplapharm.com/en/investor-relations/ir-contact-events/,200,calendar-page,calendar/results keywords present,0,0,1,,use-jsonld
57220,Chevron,Rodrigo Maass,https://www.chevron.com/investors/events-presentations,https://www.chevron.com/investors/events-presentations,403,http-4xx,status 403,0,0,0,0000093410,use-sec
57235,China Cinda Asset Management,Kavithaasree Singaveloo,https://www.cinda.com.hk/en/investor_relations.php,https://www.cinda.com.hk/en/investor_relations.php,200,ir-page-no-calendar,IR content but no calendar keywords,0,0,0,,find-calendar-subpage
57239,China Construction Bank,Mateshvaran Prabakaran,https://en.ccb.com/eng/investor/performancereports/annual_reports/index.shtml,https://en.ccb.com/eng/investor/performancereports/annual_reports/index.shtml,200,ir-page-no-calendar,IR content but no calendar keywords,0,0,0,,find-calendar-subpage
57243,China Development Bank Leasing,Ummu Aiman binti Mohd Thani,http://www.cdb-leasing.com/tzzgx/xxpl/dqbg/,http://www.cdb-leasing.com/tzzgx/xxpl/dqbg/,0,fetch-error,"TimeoutError: Page.goto: Timeout 20000ms exceeded.
Call log:
navigating to ""http://www.cdb-lea",0,0,0,,replace-url
57248,China Everbright Bank,Mark Joseph,https://www.cebbank.com/site/ceb_homepage33/investor_relations3/index.html,https://www.cebbank.com/site/ceb_homepage33/investor_relations3/index.html,412,ir-page-no-calendar,IR content but no calendar keywords,0,0,0,,find-calendar-subpage
57263,China Huaneng,Mateshvaran Prabakaran,https://www.chng.com.cn/en/newsroom.html,https://www.chng.com.cn/en/newsroom.html,0,fetch-error,"TimeoutError: Page.goto: Timeout 20000ms exceeded.
Call log:
navigating to ""https://www.chng.c",0,0,0,,replace-url
57384,China International Capital Corporation,Mateshvaran Prabakaran,https://www.cicc.com/investor/list_103_240_1.html,https://www.cicc.com/investor/list_103_240_1.html,0,fetch-error,Error: Page.goto: net::ERR_EMPTY_RESPONSE at https://www.cicc.com/investor/list_103_240,0,0,0,,replace-url
57278,China Merchants Bank,Kartigeiswary Deva Kumar,https://english.cmbchina.com/CmbIR/ProductInfo?type=info&id=Calendar,https://english.cmbchina.com/CmbIR/ProductInfo?type=info&id=Calendar,200,calendar-page,calendar/results keywords present,0,0,0,,keep-current
57285,China Minmetals,Jack Liew,https://www.minmetals.com/english/,https://www.minmetals.com/english/,0,fetch-error,"Error: Page.goto: net::ERR_EMPTY_RESPONSE at https://www.minmetals.com/english/
Call lo",0,0,0,,replace-url
57301,China Orient Asset Management,Mark Joseph,https://www.coamc.com/shzr/shzrhd/,https://www.coamc.com/shzr/shzrhd/,0,fetch-error,"Error: Page.goto: net::ERR_EMPTY_RESPONSE at https://www.coamc.com/shzr/shzrhd/
Call lo",0,0,0,,replace-url
57310,China Railway Construction Corporation,Preveena Nantha Kumar,https://english.crcc.cn/col/col21617/index.html,https://english.crcc.cn/col/col21617/index.html,200,non-ir-page,no IR/calendar signals,0,0,0,,replace-url
57329,China Three Gorges,Shi Man Fong,https://www.ctg.com.cn/ctgenglish/about_ctg6/investor_relations63/index.html,https://www.ctg.com.cn/ctgenglish/about_ctg6/investor_relations63/index.html,0,fetch-error,"TimeoutError: Page.goto: Timeout 20000ms exceeded.
Call log:
navigating to ""https://www.ctg.co",0,0,0,,replace-url
57374,Chubb,Rodrigo Maass,https://investors.chubb.com/News--Events/news-presentations/events/default.aspx,https://investors.chubb.com/News--Events/news-presentations/events/default.aspx,200,calendar-page,calendar/results keywords present,0,0,0,0000896159,use-sec
1832,Churchill Downs,Mati Ossandon,https://ir.churchilldownsincorporated.com/events-presentations,,0,fetch-error,timeout,0,0,0,0000020212,use-sec
57391,Cigna,Maria Luisa Torres,https://investors.thecignagroup.com/events-and-presentations/default.aspx,https://investors.thecignagroup.com/events-and-presentations/default.aspx,200,ir-page-no-calendar,IR content but no calendar keywords,0,0,0,0001739940,use-sec
1835,CineMark,Matias Fauré,https://ir.cinemark.com/news-events/ir-calendar,https://ir.cinemark.com/news-events/ir-calendar,200,calendar-page,calendar/results keywords present,1,0,0,0001385280,use-sec
645,Cirsa,Daire Vint,https://www.cirsa.com/en/shareholders-and-investors/investors-agenda/,https://www.cirsa.com/en/shareholders-and-investors/investors-agenda/,200,calendar-page,calendar/results keywords present,0,0,0,,keep-current
57411,Cisco Systems,Cata Rifo,https://investor.cisco.com/events/default.aspx,https://investor.cisco.com/events-and-presentations/default.aspx,200,calendar-page,calendar/results keywords present,0,0,0,0000858877,use-sec
57423,Citigroup,Mati Ossandon,https://www.citigroup.com/global/investors/events-and-presentations,https://www.citigroup.com/global/investors/events-and-presentations,200,calendar-page,calendar/results keywords present,0,0,0,0000831001,use-sec
57425,Citizens Financial Group,Arturo Miquel,https://investor.citizensbank.com/about-us/investor-relations/events-and-presentations/2026.aspx,https://investor.citizensbank.com/about-us/investor-relations/events-and-presentations/2026.aspx,200,calendar-page,calendar/results keywords present,0,0,0,,keep-current
3281,Clariane (Korian),Christina Rankin,https://www.clariane.com/espace-investisseurs/resultats,https://www.clariane.com/espace-investisseurs/resultats,200,non-ir-page,no IR/calendar signals,1,0,0,,use-rss
2227,Claritev,Bastián Miranda Olivares,https://investors.claritev.com/events-and-presentations/default.aspx,,0,fetch-error,timeout,0,0,0,0001793229,use-sec
2005,Clarivate,Vicente Sánchez,https://clarivate2023indexrb.q4web.com/news-events/event-calendar/default.aspx,https://clarivate2023indexrb.q4web.com/news-events/event-calendar/default.aspx,200,calendar-page,calendar/results keywords present,0,0,0,0001764046,use-sec
3529,Claros Mortgage Trust,Vicente Sánchez,https://www.clarosmortgage.com/home/default.aspx,https://www.clarosmortgage.com/home/default.aspx,200,calendar-page,calendar/results keywords present,0,0,0,0001666291,use-sec
1838,Clear Channel Outdoor,Tomas Pugin,https://investor.clearchannel.com/news,https://investor.clearchannel.com/news,200,ir-page-no-calendar,IR content but no calendar keywords,1,0,0,0001334978,use-sec
1839,Clearwater Paper,Martina Pino,https://ir.clearwaterpaper.com/investors/events-and-presentations/default.aspx,https://ir.clearwaterpaper.com/investors/events-and-presentations/default.aspx,200,calendar-page,calendar/results keywords present,0,0,0,0001441236,use-sec
1819,Cleveland-Cliffs,Anais Ruz,https://www.clevelandcliffs.com/investors/news-events/ir-calendar,https://www.clevelandcliffs.com/investors/news-events/ir-calendar,200,calendar-page,calendar/results keywords present,1,0,0,0000764065,use-sec
57473,Clifford Capital,Shi Man Fong,https://www.cliffordcapital.sg/investors,https://www.cliffordcapital.sg/investors,200,ir-page-no-calendar,IR content but no calendar keywords,0,0,0,,find-calendar-subpage
57503,Coca-Cola,Bastián Miranda Olivares,https://investors.coca-colacompany.com/news-events/events,https://investors.coca-colacompany.com/news-events/events,200,calendar-page,calendar/results keywords present,1,0,0,0000021344,use-sec
57511,Codelco,Martina Pino,https://www.codelco.com/en/transparencia/calendario,https://www.codelco.com/en/transparencia/calendario,200,ir-page-no-calendar,IR content but no calendar keywords,0,0,0,,find-calendar-subpage
2991,Coinbase,Martin Cofre,https://investor.coinbase.com/events-and-presentations/events/default.aspx,https://investor.coinbase.com/events-and-presentations/events/default.aspx,200,calendar-page,calendar/results keywords present,0,0,0,,keep-current
57558,Comcast,Gisela Pollanco,https://www.cmcsa.com/events-and-presentations/,,0,fetch-error,timeout,0,0,0,0001166691,use-sec
57562,Cometa Energy,Matias Fauré,https://cometaenergy.com.br/,https://cometaenergy.com.br/,200,non-ir-page,no IR/calendar signals,1,0,0,,use-rss
64217,Comisión Federal de Electricidad (CFE),Cata Rifo,https://www.cfe.gob.mx/finanzas/eventos-relevantes-y-otros-indicadores/pages/eventos-relevantes.aspx,https://www.cfe.gob.mx/finanzas/eventos-relevantes-y-otros-indicadores/pages/eventos-relevantes.aspx,403,thin-body,only 82 chars of visible text,0,0,0,,js-render-required
57566,Commercial Bank of Qatar,Danny Bin Khairul Nizam,https://www.cbq.com.qa/en/investor-relations/financial-information/financial-calendar,https://www.cbq.com.qa/en/investor-relations/financial-information/financial-calendar,200,calendar-page,calendar/results keywords present,0,0,0,,keep-current
2424,Commercial Metals Company,Mateo Castro,https://ir.cmc.com/investors/events-presentations/,https://ir.cmc.com/investors/events-presentations/,200,ir-page-no-calendar,IR content but no calendar keywords,2,0,1,0000022444,use-sec
1699,Commerzbank AG,Shi Man Fong,https://investor-relations.commerzbank.com/financial-calendar,https://investor-relations.commerzbank.com/financial-calendar,502,ir-page-no-calendar,IR content but no calendar keywords,0,0,0,,find-calendar-subpage
2462,Community Health Systems,Neil McShane,https://www.chs.net/investor-relations/investor-tools/webcasts,https://www.chs.net/investor-relations/investor-tools/webcasts,200,ir-page-no-calendar,IR content but no calendar keywords,0,0,0,0001108109,use-sec
57145,Compagnie de Financement Foncier,Danny Bin Khairul Nizam,https://ppr.foncier.fr/presentation-investisseur/,https://ppr.foncier.fr/presentation-investisseur/,200,non-ir-page,no IR/calendar signals,1,0,0,,use-rss
57576,Companhia Siderurgica Nacional,Mati Ossandon,https://ri.csn.com.br/servicos-ri/calendario-de-eventos/,https://ri.csn.com.br/servicos-ri/calendario-de-eventos/,200,non-ir-page,no IR/calendar signals,0,0,1,,use-jsonld
2714,Compass Diversified,Agustin Maza,https://ir.compassdiversified.com/news-events/events-presentations,,0,fetch-error,timeout,0,0,0,0001345126,use-sec
2452,Comstock Resources,Ibrahim Dughman,https://investors.comstockresources.com/news-events/events-presentations,,0,fetch-error,timeout,0,0,0,0000023194,use-sec
57596,Con Edison,Gisela Pollanco,https://investor.conedison.com/press-releases?field_nir_news_date_value[min]=,https://investor.conedison.com/press-releases?field_nir_news_date_value[min]=,403,ir-page-no-calendar,IR content but no calendar keywords,0,0,0,,find-calendar-subpage
52365,Concentra,Rodrigo Maass,https://ir.concentra.com/news-events/ir-calendar,https://ir.concentra.com/news-events/ir-calendar,200,calendar-page,calendar/results keywords present,1,0,0,,use-rss
1911,Conduent,Agustin Maza,https://investor.conduent.com/,,0,fetch-error,timeout,0,0,0,0001677703,use-sec
57613,Conocophillips,Cata Rifo,https://www.conocophillips.com/investor-relations/investor-presentations/,https://www.conocophillips.com/investor-relations/investor-presentations/,200,ir-page-no-calendar,IR content but no calendar keywords,0,0,0,0001163165,use-sec
57615,Consorcio Transmantaro,Maria Luisa Torres,https://peru.isaenergia.com/SitePages/App/Documentos.aspx?lang=en&mp=38&ms=40,https://peru.isaenergia.com/SitePages/App/Documentos.aspx?lang=en&mp=38&ms=40,502,non-ir-page,no IR/calendar signals,0,0,0,,replace-url
65315,Constellation Energy,Lucas Mateluna,https://www.constellation.com/,https://www.constellation.com/,200,non-ir-page,no IR/calendar signals,0,0,0,0001868275,use-sec
57620,Constellation Oil Services,Vicente Sánchez,https://ri.theconstellation.com/,https://ir.theconstellation.com/pt-br/,200,calendar-page,calendar/results keywords present,0,0,0,,keep-current
652,Constellium,Joss Smyth,https://www.constellium.com/investors/financial-results,https://www.constellium.com/investors/financial-results,200,ir-page-no-calendar,IR content but no calendar keywords,0,0,0,,find-calendar-subpage
972,Contour Global,Zoë Miller,https://www.contourglobal.com/financial-calendar-cg/,https://www.contourglobal.com/financial-calendar-cg/,200,calendar-page,calendar/results keywords present,0,0,0,,keep-current
57640,Controladora Mabe,Martina Pino,https://mabe.cc/Inversionistas/Home,https://mabe.cc/Inversionistas/Home,0,fetch-error,"TimeoutError: Page.goto: Timeout 20000ms exceeded.
Call log:
navigating to ""https://mabe.cc/In",0,0,0,,replace-url
2455,Cooper Standard,Bastián Miranda Olivares,https://ir.cooperstandard.com/events,https://ir.cooperstandard.com/events,200,calendar-page,calendar/results keywords present,1,0,0,0001320461,use-sec
2398,CoreCivic,Vicente Sánchez,https://ir.corecivic.com/,,0,fetch-error,timeout,0,0,0,0001070985,use-sec
6842,CoreWeave,Vicente Sánchez,https://investors.coreweave.com/overview/default.aspx,https://investors.coreweave.com/overview/default.aspx,200,ir-page-no-calendar,IR content but no calendar keywords,0,0,0,0001769628,use-sec
57655,Corebridge Financial,Cata Rifo,https://investors.corebridgefinancial.com/events-and-presentations/default.aspx,https://investors.corebridgefinancial.com/events-and-presentations/default.aspx,200,calendar-page,calendar/results keywords present,0,0,0,0001889539,use-sec
2611,Cornerstone Building Brands,Oscar Carrasco,https://investors.cornerstonebuildingbrands.com/events-and-presentations/default.aspx,https://investors.cornerstonebuildingbrands.com/events-and-presentations/default.aspx,200,calendar-page,calendar/results keywords present,0,0,0,,keep-current
57674,Cosan,Oscar Carrasco,https://www.cosan.com.br/en/investor-relations/other-informations-for-investors/events-calendar/,https://www.cosan.com.br/en/investor-relations/other-informations-for-investors/events-calendar/,200,calendar-page,calendar/results keywords present,0,0,2,0001430162,use-sec
1229,Coty,Mateo Castro,https://investors.coty.com/news-events-and-presentations/events-and-presentations/default.aspx,https://investors.coty.com/news-events-and-presentations/events-and-presentations/default.aspx,200,calendar-page,calendar/results keywords present,0,0,0,0001024305,use-sec
67820,Council of Europe Development Bank (CEB),Jack Liew,https://coebank.org/en/investor-relations/,https://coebank.org/en/investor-relations/,200,ir-page-no-calendar,IR content but no calendar keywords,0,0,0,,find-calendar-subpage
1695,Credit Agricole,Kavithaasree Singaveloo,https://www.credit-agricole.com/en/finance/financial-calendar,https://www.credit-agricole.com/en/finance/financial-calendar,200,calendar-page,calendar/results keywords present,0,0,0,0001279967,use-sec
57720,Credit Mutuel Arkea,Kavithaasree Singaveloo,https://www.cm-arkea.com/arkea/banque/assurances/pa_26256/en/periodic-information,https://www.cm-arkea.com/arkea/banque/assurances/pa_26256/en/periodic-information,200,non-ir-page,no IR/calendar signals,0,0,0,,replace-url
57721,Credit Mutuel Home Loan SFH,Mateshvaran Prabakaran,https://www.creditmutuel-homeloansfh.eu/en/press-release-information.html,https://www.creditmutuel-homeloansfh.eu/en/press-release-information.html,200,non-ir-page,no IR/calendar signals,0,0,0,,replace-url
4228,Crescent Energy,Maria Luisa Torres,https://crescentenergyco.com/investors/events-and-presentations/default.aspx,https://crescentenergyco.com/investors/events-and-presentations/default.aspx,200,ir-page-no-calendar,IR content but no calendar keywords,0,0,0,0001866175,use-sec
2444,Cumulus Media,Matias Fauré,https://www.cumulusmedia.com/about-us/newsroom/,https://www.cumulusmedia.com/about-us/newsroom/,200,non-ir-page,no IR/calendar signals,1,0,0,0001058623,use-sec
2536,Cushman & Wakefield,Ibrahim Dughman,https://ir.cushmanwakefield.com/home/default.aspx?_gl=1*1mek6qy*_ga*MTU2NTI0NjcyNC4xNzcwODA5OTcz*_ga_B63VJVKT85*czE3NzA4MDk5ODEkbzEkZzEkdDE3NzA4MTAwMTIkajYwJGwwJGgw*_ga_D68R2GB427*czE3NzA4MDk5ODEkbzEkZzEkdDE3NzA4MTAwNTAkajIyJGwwJGgw*_ga_LM51XKPGE6*czE3NzA4MDk5ODIkbzEkZzEkdDE3NzA4MTAwNTAkajIyJGwwJGgw*_gcl_au*MjExMjQzNDc2Mi4xNzcwODA5OTg3,https://ir.cushmanwakefield.com/home/default.aspx?_gl=1*1mek6qy*_ga*MTU2NTI0NjcyNC4xNzcwODA5OTcz*_ga_B63VJVKT85*czE3NzA4MDk5ODEkbzEkZzEkdDE3NzA4MTAwMTIkajYwJGwwJGgw*_ga_D68R2GB427*czE3NzA4MDk5ODEkbzEkZzEkdDE3NzA4MTAwNTAkajIyJGwwJGgw*_ga_LM51XKPGE6*czE3NzA4MDk5ODIkbzEkZzEkdDE3NzA4MTAwNTAkajIyJGwwJGgw*_gcl_au*MjExMjQzNDc2Mi4xNzcwODA5OTg3,200,ir-page-no-calendar,IR content but no calendar keywords,0,0,0,0001628369,use-sec
2706,Custom Truck,Arturo Miquel,https://investors.customtruck.com/events-and-presentations/default.aspx,https://investors.customtruck.com/events-and-presentations/default.aspx,200,ir-page-no-calendar,IR content but no calendar keywords,0,0,0,,find-calendar-subpage
3566,Cvent,Clemente Masferrer,https://www.cvent.com/en/event-management-software/event-reporting,https://www.cvent.com/en/event-management-software/event-reporting,200,calendar-page,calendar/results keywords present,0,0,1,,use-jsonld
53870,Czechoslovak Group,Sharusree Nandakumar,https://czechoslovakgroup.com/en/for-investors?section=annual+reports&year=2024,https://investors.csg.com/en,200,calendar-page,calendar/results keywords present,0,0,0,,keep-current
68421,DAMAC,Preveena Nantha Kumar,https://www.damacproperties.com/en/investor-relations/,https://www.damacproperties.com/en/investor-relations/,200,ir-page-no-calendar,IR content but no calendar keywords,0,0,0,,find-calendar-subpage
57846,DBS Bank,Preveena Nantha Kumar,https://www.dbs.com/investors/events-and-presentations/default.page?productId=jxeaw797&pid=sg-group-pweb-investors-cardtiles-events-presentations,https://www.dbs.com/investors/events-and-presentations/default.page?productId=jxeaw797&pid=sg-group-pweb-investors-cardtiles-events-presentations,200,calendar-page,calendar/results keywords present,0,0,0,,keep-current
2960,DIRECTV,Oscar Carrasco,https://www.directv.com/,https://www.directv.com/,0,fetch-error,"TimeoutError: Page.goto: Timeout 20000ms exceeded.
Call log:
navigating to ""https://www.direct",0,0,0,,replace-url
5108,DL Invest Group,Danny Bin Khairul Nizam,https://dlinvest.pl/en/reports/,https://dlinvest.pl/en/reports/,200,calendar-page,calendar/results keywords present,2,0,0,,use-rss
57961,DNB Bank,Sharusree Nandakumar,https://www.ir.dnb.no/financial-calendar,https://www.ir.dnb.no/financial-calendar,200,calendar-page,calendar/results keywords present,0,0,0,,keep-current
57999,DP World Crescent,Muhammad Azrul Mokhtar,https://www.dpworld.com/en/investors/investor-calendar,https://www.dpworld.com/en/investors/investor-calendar,200,calendar-page,calendar/results keywords present,0,0,0,,keep-current
58020,DSV,Michael Clark,https://investor.dsv.com/calendar,https://investor.dsv.com/calendar,502,ir-page-no-calendar,IR content but no calendar keywords,0,0,0,,find-calendar-subpage
58022,DTE Energy,Rodrigo Maass,https://ir.dteenergy.com/webcast-and-presentations/default.aspx#event-upcoming,https://ir.dteenergy.com/webcast-and-presentations/default.aspx,200,calendar-page,calendar/results keywords present,0,0,0,0000936340,use-sec
58060,DZ HYP,Kartigeiswary Deva Kumar,https://dzhyp.de/en/investor-relations/rating-and-reports/calendar-of-events/,https://dzhyp.de/en/investor-relations/rating-and-reports/calendar-of-events/,200,calendar-page,calendar/results keywords present,0,0,0,,keep-current
1572,DaVita Healthcare Partners,Cata Rifo,https://investors.davita.com/events/?events_time_period=future,https://investors.davita.com/events/?events_time_period=future,200,calendar-page,calendar/results keywords present,2,0,1,,use-jsonld
57810,Daimler Truck,Peter Megarity,https://www.daimlertruck.com/en/investors/financial-calendar,https://www.daimlertruck.com/en/investors/financial-calendar,200,calendar-page,calendar/results keywords present,0,0,0,,keep-current
57820,Danaher,Gisela Pollanco,https://investors.danaher.com/,https://investors.danaher.com/,200,calendar-page,calendar/results keywords present,1,0,0,,use-rss
2802,Danaos,Peter Megarity,https://www.danaos.com/investors/events-and-presentations/default.aspx,https://www.danaos.com/investors/events-and-presentations/default.aspx,200,calendar-page,calendar/results keywords present,0,0,0,0001369241,use-sec
57825,Danone,Neil McShane,https://www.danone.com/investors/publications-and-events/financial-calendar.html,https://www.danone.com/investors/publications-and-events/financial-calendar.html,200,calendar-page,calendar/results keywords present,0,0,0,,keep-current
1705,Danske Bank,Mark Joseph,https://danskebank.com/investor-relations,https://danskebank.com/investor-relations,200,calendar-page,calendar/results keywords present,0,0,0,,keep-current
57829,Dar Al-Arkan Real Estate,Muhammad Azrul Mokhtar,https://www.daralarkan.com/ar/investor-relations/financial-calendar,https://www.daralarkan.com/ar/investor-relations/financial-calendar,200,calendar-page,calendar/results keywords present,0,0,0,,keep-current
1162,Darling Ingredients,Rafael Alamo,https://www.darlingii.com/media/events,https://www.darlingii.com/media/events,200,non-ir-page,no IR/calendar signals,0,0,0,0000916540,use-sec
2502,Dauch Corporation,Martina Pino,https://www.dauch.com/investors,https://www.dauch.com/investors,200,ir-page-no-calendar,IR content but no calendar keywords,0,0,0,0001062231,use-sec
2179,David Lloyd,Neil McShane,https://investor-relations.davidlloyd.co.uk/financial-calendar/,https://investor-relations.davidlloyd.co.uk/investors/financial-calendar/,200,calendar-page,calendar/results keywords present,0,0,0,,keep-current
2769,DeepOcean,Michael Clark,https://www.deepoceangroup.com/investors,https://www.deepoceangroup.com/investors,200,ir-page-no-calendar,IR content but no calendar keywords,0,0,0,,find-calendar-subpage
2435,Delek Logistics Partners,Rodrigo Maass,https://ir.deleklogistics.com/events-and-presentations/default.aspx,https://ir.deleklogistics.com/events-and-presentations/default.aspx,200,calendar-page,calendar/results keywords present,0,0,0,,keep-current
3210,Delivery Hero,Ross Murray,https://ir.deliveryhero.com/financial-calendar,https://ir.deliveryhero.com/financial-calendar,200,calendar-page,calendar/results keywords present,0,0,0,,keep-current
1591,Dell,Cata Rifo,https://investors.delltechnologies.com/news-events/upcoming-events,https://investors.delltechnologies.com/news-events/upcoming-events,403,ir-page-no-calendar,IR content but no calendar keywords,0,0,0,,find-calendar-subpage
2524,Delta Air Lines,Maria Luisa Torres,https://ir.delta.com/events-and-presentations/default.aspx#event-calendar,https://ir.delta.com/events-and-presentations/default.aspx,200,calendar-page,calendar/results keywords present,0,0,0,0000027904,use-sec
1179,Demire,Christina Rankin,https://www.demire.ag/en/financial-calendar/,https://www.demire.ag/en/financial-calendar/,200,calendar-page,calendar/results keywords present,2,0,0,,use-rss
57893,Deutsche Bank,Sharusree Nandakumar,https://investor-relations.db.com/reports-and-events/financial-calendar,https://investor-relations.db.com/reports-and-events/financial-calendar,200,calendar-page,calendar/results keywords present,0,0,0,,keep-current
57900,Deutsche Post,Zoë Miller,https://www.deutschepost.de/en/p/presse-distribution.html,https://www.deutschepost.de/en/p/presse-distribution.html,0,fetch-error,"TimeoutError: Page.goto: Timeout 20000ms exceeded.
Call log:
navigating to ""https://www.deutsc",0,0,0,,replace-url
57903,Deutsche Telekom,Neil McShane,https://www.telekom.com/en/media/media-calendar,https://www.telekom.com/en/media/media-calendar,404,http-404,not found,0,0,0,0000946770,use-sec
64644,Development Bank of Latin America and the Caribbean (CAF),Agustin Maza,https://www.caf.com/en/investors/,https://www.caf.com/en/investors/,200,ir-page-no-calendar,IR content but no calendar keywords,1,0,0,,use-rss
57923,Diageo,Joss Smyth,https://www.diageo.com/en/investors/results-reports-and-events/financial-calendar,https://www.diageo.com/en/investors/results-reports-and-events/financial-calendar,200,calendar-page,calendar/results keywords present,0,0,0,0000835403,use-sec
2399,Diamondback Energy,Martin Cofre,https://ir.diamondbackenergy.com/news-releases/news-release-details/diamondback-energy-inc-schedules-fourth-quarter-2025-conference,,0,fetch-error,timeout,0,0,0,0001539838,use-sec
858,Digi Communications,Danny Bin Khairul Nizam,https://www.digi-communications.ro/en/investor-relations/bonds/financial-calendar-bonds,https://www.digi-communications.ro/en/investor-relations/bonds/financial-calendar-bonds,200,calendar-page,calendar/results keywords present,0,0,0,,keep-current
3119,Digicel,Agustin Maza,https://www.digicelgroup.com/en/investor-relations#reporting,https://corporate.digicelgroup.com/en/investor-relations#reporting,200,ir-page-no-calendar,IR content but no calendar keywords,0,0,0,,find-calendar-subpage
2236,Diversified Healthcare Trust,Ignacio Zamorano,https://www.dhcreit.com/investors/events-and-presentations/default.aspx,https://www.dhcreit.com/investors/events-and-presentations/default.aspx,200,calendar-page,calendar/results keywords present,0,0,0,0001075415,use-sec
658,Dometic,Bryan McManus,https://www.dometicgroup.com/en-us/investors/financial-calendar,https://www.dometicgroup.com/en-us/investors/financial-calendar,200,calendar-page,calendar/results keywords present,0,0,0,,keep-current
57978,Dominion Energy,Martin Cofre,https://news.dominionenergy.com/overview/default.aspx,https://news.dominionenergy.com/overview/default.aspx,200,non-ir-page,no IR/calendar signals,0,0,0,0000715957,use-sec
660,Douglas GmbH,Zoë Miller,https://douglas.group/en/investors/financial-calendar,https://douglas.group/en/investors/financial-calendar,200,calendar-page,calendar/results keywords present,0,0,0,,keep-current
1017,Drax,Daire Vint,https://www.drax.com/investors/financial-calendar/,https://www.drax.com/investors/financial-calendar/,200,calendar-page,calendar/results keywords present,2,0,0,,use-rss
3587,Driven Brands,Anais Ruz,https://investors.drivenbrands.com/news-and-events/events-and-presentations/default.aspx,https://investors.drivenbrands.com/news-and-events/events-and-presentations/default.aspx,200,calendar-page,calendar/results keywords present,0,0,0,0001804745,use-sec
58031,Dubai Islamic Bank,Sharusree Nandakumar,https://www.dib.ae/about-us/investor-relations/home,https://www.dib.ae/about-us/investor-relations/home,200,calendar-page,calendar/results keywords present,0,0,0,,keep-current
58038,Duke Energy,Vicente Sánchez,https://investors.duke-energy.com/events-and-presentations/default.aspx,https://investors.duke-energy.com/events-and-presentations/default.aspx,200,calendar-page,calendar/results keywords present,0,0,0,0001326160,use-sec
2702,Dycom Industries,Martina Pino,https://dycomind.com/investors/news/,,0,fetch-error,timeout,1,0,0,0000067215,use-sec
35264,Dye & Durham,Gisela Pollanco,https://dyedurham.com/investors/financial-reports/?_sft_financial_year=2026,https://dyedurham.com/investors/financial-reports/?_sft_financial_year=2026,200,calendar-page,calendar/results keywords present,0,0,0,,keep-current
2375,E.W. Scripps Company,Cata Rifo,https://ir.scripps.com/,,0,fetch-error,timeout,0,0,0,0000832428,use-sec
58095,EBRD,Muhammad Danish Noramri,https://www.ebrd.com/home/corporate-and-investor-information.html,https://www.ebrd.com/home/corporate-and-investor-information.html,200,ir-page-no-calendar,IR content but no calendar keywords,0,0,0,,find-calendar-subpage
1164,EDP,Neil McShane,http://www.edp.pt/,https://www.edp.pt/particulares/,200,non-ir-page,no IR/calendar signals,0,0,0,,replace-url
58250,ENBW,Christina Rankin,https://www.enbw.com/investors/events/financial-calendar/,https://www.enbw.com/investors/events/financial-calendar/,200,calendar-page,calendar/results keywords present,0,0,0,,keep-current
3017,EOLO,Bryan McManus,http://eolo.it/,https://www.eolo.it/,200,ir-page-no-calendar,IR content but no calendar keywords,0,0,0,,find-calendar-subpage
3265,EP Infrastructure,Mark Joseph,https://www.epinfrastructure.cz/en/tiskove-zpravy/invitation-to-the-full-year-2025-results-conference-call/,https://www.epinfrastructure.cz/en/tiskove-zpravy/invitation-to-the-full-year-2025-results-conference-call/,200,ir-page-no-calendar,IR content but no calendar keywords,2,0,0,,use-rss
980,EVOCA,Christina Rankin,https://www.evocagroup.com/en/investors,https://www.evocagroup.com/en/investors,200,calendar-page,calendar/results keywords present,0,0,0,,keep-current
58090,Eaton Corporation,Peter Megarity,https://www.eaton.com/ie/en-gb/company/investor-relations/financial-presentations-webcasts.html,,0,fetch-error,timeout,0,0,0,0001551182,use-sec
12625,Echostar,Rafael Alamo,"https://ir.echostar.com/press-releases 
 https://ir.echostar.com/events-and-presentations",,0,fetch-error,timeout,0,0,0,0001415404,use-sec
1083,EcoLab,Anais Ruz,https://investor.ecolab.com/events-and-presentations/default.aspx,https://investor.ecolab.com/events-and-presentations/default.aspx,200,calendar-page,calendar/results keywords present,0,0,0,0000031462,use-sec
58104,Ecopetrol,Martin Cofre,https://www.ecopetrol.com.co/wps/portal/Home/en/investors/information-for-shareholders/calendar,https://www.ecopetrol.com.co/wps/portal/Home/en/investors/information-for-shareholders/calendar,200,calendar-page,calendar/results keywords present,0,0,0,0001444406,use-sec
58111,Edenor,Tomas Pugin,https://ir.edenor.com/inversores/centro-de-inversores/reportes-de-resultados,https://www.edenor.com/inversores/es/informacion-financiera/reportes-de-resultados,200,non-ir-page,no IR/calendar signals,0,0,0,0001395213,use-sec
2534,Edgewell Personal Care,Oscar Carrasco,https://ir.edgewell.com/news-and-events/events?sc_lang=en,https://ir.edgewell.com/news-and-events/events?sc_lang=en,200,calendar-page,calendar/results keywords present,0,0,0,0001096752,use-sec
667,Eir,Daire Vint,https://www.eir.ie/investorrelations/dates/,https://www.eir.ie/investorrelations/dates/,200,ir-page-no-calendar,IR content but no calendar keywords,0,0,0,,find-calendar-subpage
58158,El Puerto de Liverpool,Martin Cofre,https://www.elpuertodeliverpool.mx/en/comunicados.html,https://www.elpuertodeliverpool.mx/en/comunicados.html,0,fetch-error,Error: Page.goto: net::ERR_EMPTY_RESPONSE at https://www.elpuertodeliverpool.mx/en/comu,0,0,0,,replace-url
2429,Elanco Animal Health,Rodrigo Maass,https://investor.elanco.com/,,0,fetch-error,timeout,0,0,0,0001739104,use-sec
2409,Eldorado Gold,Anais Ruz,https://www.eldoradogold.com/investors/events-webcasts,https://www.eldoradogold.com/investors/events-webcasts,200,calendar-page,calendar/results keywords present,0,0,0,,keep-current
58232,Electrica Guacolda,Bastián Miranda Olivares,https://guacoldaenergia.cl/estados-financieros.html?utm_source=chatgpt.com,https://guacoldaenergia.cl/estados-financieros.html?utm_source=chatgpt.com,200,non-ir-page,no IR/calendar signals,0,0,0,,replace-url
58166,Electronic Arts,Mati Ossandon,https://ir.ea.com/press-releases/default.aspx,https://ir.ea.com/press-releases/default.aspx,0,fetch-error,"TimeoutError: Page.goto: Timeout 20000ms exceeded.
Call log:
navigating to ""https://ir.ea.com/",0,0,0,,replace-url
58175,Elevance Health,Cata Rifo,https://ir.elevancehealth.com/events-and-presentations/,https://ir.elevancehealth.com/events-and-presentations/,200,calendar-page,calendar/results keywords present,0,0,0,0001156039,use-sec
58178,Eli Lilly,Vicente Sánchez,https://investor.lilly.com/webcasts-and-presentations,https://investor.lilly.com/webcasts-and-presentations,403,ir-page-no-calendar,IR content but no calendar keywords,0,0,0,,find-calendar-subpage
3135,Embecta,Mateo Castro,https://investors.embecta.com/news-events/news-releases,,0,fetch-error,timeout,0,0,0,0001872789,use-sec
2554,Emergent Biosolutions,Vicente Sánchez,https://investors.emergentbiosolutions.com/news-releases,https://investors.emergentbiosolutions.com/news-releases,200,ir-page-no-calendar,IR content but no calendar keywords,0,0,0,0001367644,use-sec
1466,Emeria (Foncia),Bryan McManus,https://emeriagroup.com/finance-dashboard/,https://emeriagroup.com/finance-dashboard/,200,non-ir-page,no IR/calendar signals,1,0,0,,use-rss
58208,Emirates Islamic Bank,Jack Liew,https://www.emiratesislamic.ae/en/financial-information,https://www.emiratesislamic.ae/en/financial-information,200,ir-page-no-calendar,IR content but no calendar keywords,0,0,0,,find-calendar-subpage
58210,Emirates NBD,Umairah Huda Binti Mohamad Asri,https://www.emiratesnbd.com/en/investor-relations?cache=clear,https://www.emiratesnbd.com/en/investor-relations?cache=clear,200,ir-page-no-calendar,IR content but no calendar keywords,0,0,0,,find-calendar-subpage
674,Empark,Bryan McManus,https://www.empark.com/en/investors/,https://www.empark.com/en/investors/,200,ir-page-no-calendar,IR content but no calendar keywords,2,0,0,,use-rss
58194,Empresa Brasileira de Aeronautica S.A. (Embraer),Ibrahim Dughman,https://ri.embraer.com.br/en/?_gl=1%2A1j04tau%2A_gcl_au%2AMTI1MTc4OTc3Ni4xNzUyODM3Nzgz,https://ri.embraer.com.br/en/?_gl=1%2A1j04tau%2A_gcl_au%2AMTI1MTc4OTc3Ni4xNzUyODM3Nzgz,200,ir-page-no-calendar,IR content but no calendar keywords,0,0,0,,find-calendar-subpage
58235,Empresa Nacional Del Petroleo,Martin Cofre,https://www.enap.cl/calendar,https://www.enap.cl/calendar,200,calendar-page,calendar/results keywords present,0,0,0,,keep-current
58240,Empresas Públicas de Medellín,Lucas Mateluna,https://www.epm.com.co/investors/financial-reporting/quaterly-results-presentations/,https://www.epm.com.co/investors/financial-reporting/quaterly-results-presentations/,200,ir-page-no-calendar,IR content but no calendar keywords,0,0,0,,find-calendar-subpage
676,EnQuest,Peter Megarity,https://www.enquest.com/investors/corporate-governance/financial-calendar,https://www.enquest.com/investors/corporate-governance/financial-calendar,200,calendar-page,calendar/results keywords present,0,0,0,,keep-current
58249,Enbridge,Gisela Pollanco,https://www.enbridge.com/media-center/news/details?id=123870&lang=en,https://www.enbridge.com/media-center/news/details?id=123870&lang=en,200,ir-page-no-calendar,IR content but no calendar keywords,0,0,0,0000895728,use-sec
2427,Encompass Health,Agustin Maza,https://investor.encompasshealth.com/news/news-details/2026/Encompass-Health-announces-date-of-2025-fourth-quarter-earnings-call/default.aspx,https://investor.encompasshealth.com/news/news-details/2026/Encompass-Health-announces-date-of-2025-fourth-quarter-earnings-call/default.aspx,200,calendar-page,calendar/results keywords present,0,0,0,0000785161,use-sec
1681,Encore Capital Group,Martin Cofre,https://www.encorecapital.com/financial-press-releases/,https://www.encorecapital.com/financial-press-releases,200,ir-page-no-calendar,IR content but no calendar keywords,0,0,0,0001084961,use-sec
1130,Enel,Neil McShane,https://www.enel.com/media/explore/search-press-releases/press/2025/12/2026-calendar-of-corporate-events-,https://www.enel.com/media/explore/search-press-releases/press/2025/12/2026-calendar-of-corporate-events-,200,calendar-page,calendar/results keywords present,0,0,0,,keep-current
58279,Enel Americas,Arturo Miquel,https://www.enelamericas.com/en/investors/calendar.html,https://www.enelamericas.com/en/investors/calendar.html,200,calendar-page,calendar/results keywords present,0,0,0,,keep-current
3384,Enerflex,Maria Luisa Torres,https://www.enerflex.com/investors/presentations-events-webcasts/#,https://www.enerflex.com/investors/presentations-events-webcasts/,200,ir-page-no-calendar,IR content but no calendar keywords,2,0,1,0001904856,use-sec
2963,Energean,Muhammad Azrul Mokhtar,https://www.energean.com/investors/calendar/,https://www.energean.com/investors/calendar/,403,ir-page-no-calendar,IR content but no calendar keywords,0,0,0,,find-calendar-subpage
1244,Energizer,Clemente Masferrer,https://investors.energizerholdings.com/news-releases,https://investors.energizerholdings.com/news-releases,200,ir-page-no-calendar,IR content but no calendar keywords,3,0,0,0001632790,use-sec
1204,Energo-Pro,Umairah Huda Binti Mohamad Asri,https://www.energo-pro.com/en/for-investors,http://www.energo-pro.com/en/for-investors/login,200,ir-page-no-calendar,IR content but no calendar keywords,0,0,0,,find-calendar-subpage
58269,Energuate Trust,Lucas Mateluna,https://energuate-ir.com/financials/quarterly-results/default.aspx,https://energuate-ir.com/financials/quarterly-results/default.aspx,200,ir-page-no-calendar,IR content but no calendar keywords,0,0,0,,find-calendar-subpage
58271,Energy Dev Oman,Muhammad Azrul Mokhtar,https://edoman.om/investor-relations/,https://edoman.om/investor-relations/,200,ir-page-no-calendar,IR content but no calendar keywords,2,0,0,,use-rss
58277,Energy Transfer,Matias Fauré,https://ir.energytransfer.com/news-releases/news-release-details/energy-transfer-announces-fourth-quarter-and-full-year-2025,https://ir.energytransfer.com/news-releases/news-release-details/energy-transfer-announces-fourth-quarter-and-full-year-2025,403,thin-body,only 307 chars of visible text,0,0,0,,js-render-required
2393,Enerpac Tool Group,Arturo Miquel,https://ir.enerpactoolgroup.com/overview/default.aspx,https://ir.enerpactoolgroup.com/overview/default.aspx,200,ir-page-no-calendar,IR content but no calendar keywords,0,0,0,0000006955,use-sec
58282,Enfragen,Rodrigo Maass,https://enfragen.com/login/,https://enfragen.com/login/,200,non-ir-page,no IR/calendar signals,0,0,0,,replace-url
1858,Engineering Group,Daire Vint,https://www.eng.it/en/investor-relations/guest,https://www.eng.it/en/investor-relations/guest,200,calendar-page,calendar/results keywords present,0,0,0,,keep-current
58287,Eni,Michael Clark,https://www.eni.com/en-IT/investors/financial-calendar.html,https://www.eni.com/en-IT/investors/financial-calendar.html,200,calendar-page,calendar/results keywords present,0,0,0,0001002242,use-sec
2389,Enova International,Lucas Mateluna,https://ir.enova.com/presentations-events#future:2025:2,https://ir.enova.com/presentations-events,200,calendar-page,calendar/results keywords present,1,0,0,0001529864,use-sec
866,Entain,Bryan McManus,https://www.entaingroup.com/investor-relations/financial-calendar-events/,https://www.entaingroup.com/investor-relations/financial-calendar-events/,200,calendar-page,calendar/results keywords present,0,0,0,,keep-current
58296,Entergy,Martin Cofre,https://investors.entergy.com/investors/events-and-presentations/default.aspx,https://investors.entergy.com/investors/events-and-presentations/default.aspx,200,calendar-page,calendar/results keywords present,0,0,0,,keep-current
58298,Enterprise Products,Ibrahim Dughman,https://ir.enterpriseproducts.com/presentations,https://ir.enterpriseproducts.com/presentations,403,thin-body,only 232 chars of visible text,0,0,0,,js-render-required
2097,Enviri,Oscar Carrasco,https://investors.enviri.com/events-calendar,,0,fetch-error,timeout,0,0,0,0002104052,use-sec
58305,Eog Resources,Bastián Miranda Olivares,https://investors.eogresources.com/,https://investors.eogresources.com/,200,ir-page-no-calendar,IR content but no calendar keywords,0,0,0,0000821189,use-sec
1190,Equinix,Agustin Maza,https://investor.equinix.com/news-events/press-releases,https://investor.equinix.com/news-events/press-releases,200,ir-page-no-calendar,IR content but no calendar keywords,1,0,0,0001101239,use-sec
58324,Equitable Financial,Vicente Sánchez,https://ir.equitableholdings.com/news-and-events/events-and-presentations/default.aspx,https://ir.equitableholdings.com/news-and-events/events-and-presentations/default.aspx,200,calendar-page,calendar/results keywords present,0,0,0,,keep-current
58338,Erste Group,Liviyan Raj Kovindasamy,https://www.erstegroup.com/en/investors/reports/financial-reports,https://www.erstegroup.com/en/investors/reports/financial-reports,200,calendar-page,calendar/results keywords present,0,0,0,,keep-current
58359,Essential Utilities,Mati Ossandon,https://www.essential.co/events-and-presentations/events-calendar,,0,fetch-error,timeout,0,0,0,0000078128,use-sec
1754,Eurofins Scientific,Joss Smyth,https://www.eurofins.com/investors/corporate-timetable/,https://www.eurofins.com/en/corporate-sustainability/governance/,200,non-ir-page,no IR/calendar signals,0,0,0,,replace-url
58390,Eurogrid,Ross Murray,https://www.eurogrid.com/en-us/Investor-Relations/Financial-Calendar,https://www.eurogrid.com/en-us/Investor-Relations/Financial-Calendar,200,calendar-page,calendar/results keywords present,0,0,0,,keep-current
681,Europcar,Joss Smyth,https://europcar-mobility-group.com/press-releases,https://www.europcar-mobility-group.com/press-releases/,200,non-ir-page,no IR/calendar signals,1,0,0,,use-rss
58137,European Financial Stability Facility,Mateshvaran Prabakaran,https://www.esm.europa.eu/publications,https://www.esm.europa.eu/publications,200,ir-page-no-calendar,IR content but no calendar keywords,0,0,0,,find-calendar-subpage
58147,European Investment Bank,Muhammad Armand,https://www.eib.org/en/events/index?sortColumn=relevant&sortDir=desc&pageNumber=0&itemPerPage=25&pageable=true&la=EN&deLa=EN&pastEvent=true&orPastEvent=true&orYearTo=true&orYearFrom=true&orRegions=true&orSubjects=true&orTags=true,https://www.eib.org/en/events/index?sortColumn=relevant&sortDir=desc&pageNumber=0&itemPerPage=25&pageable=true&la=EN&deLa=EN&pastEvent=true&orPastEvent=true&orYearTo=true&orYearFrom=true&orRegions=true&orSubjects=true&orTags=true,200,ir-page-no-calendar,IR content but no calendar keywords,0,0,1,,use-jsonld
58350,European Stability Mechanism,Kavithaasree Singaveloo,https://www.esm.europa.eu/newsroom,https://www.esm.europa.eu/newsroom,200,ir-page-no-calendar,IR content but no calendar keywords,0,0,0,,find-calendar-subpage
68055,European Union,Muhammad Azib Bin Ahmad,https://european-union.europa.eu/news-and-events/events_en,https://european-union.europa.eu/news-and-events/events_en,200,non-ir-page,no IR/calendar signals,0,0,2,,use-jsonld
12700,Eutelsat,Michael Clark,https://www.eutelsat.com/en/investors/financial-calendar.html,https://www.eutelsat.com/investors/financial-calendar,200,calendar-page,calendar/results keywords present,0,0,0,,keep-current
2543,Everforth,Agustin Maza,https://investors.asgn.com/events-and-presentations/events-calendar/default.aspx,https://investors.everforth.com/overview/default.aspx,200,calendar-page,calendar/results keywords present,0,0,0,0000890564,use-sec
2987,Evoke (888),Joss Smyth,https://www.evokeplc.com/investors/shareholder-information/financial-calendar/,https://www.evokeplc.com/investors/shareholder-information/financial-calendar/,200,calendar-page,calendar/results keywords present,0,0,0,,keep-current
5232,Evri,Neil McShane,https://www.evri.com/investor-relations,https://www.evri.com/investor-relations,200,calendar-page,calendar/results keywords present,0,0,0,,keep-current
60098,Export–Import Bank of Korea,Mark Joseph,https://www.koreaexim.go.kr/site/main/index2,https://www.koreaexim.go.kr/site/main/index2,0,fetch-error,Error: Page.goto: net::ERR_EMPTY_RESPONSE at https://www.koreaexim.go.kr/site/main/inde,0,0,0,,replace-url
974,FNAC Darty,Joss Smyth,https://www.fnacdarty.com/en/newsroom/agenda/?category_name=finance-en,https://www.fnacdarty.com/en/newsroom/agenda/?category_name=finance-en,200,calendar-page,calendar/results keywords present,0,0,0,,keep-current
58730,FS Bioenergia,Ignacio Zamorano,https://www.fs.agr.br/en/investors/,https://www.fs.agr.br/en/investors/,200,calendar-page,calendar/results keywords present,0,0,0,,keep-current
3154,Fabbrica Italiana Sintetici (FIS),Christina Rankin,https://fisvi.com/investors/,https://fisvi.com/investors/,200,ir-page-no-calendar,IR content but no calendar keywords,2,0,0,,use-rss
58480,Falabella,Tomas Pugin,https://investors.grupofalabella.com/english/investors/,https://investors.grupofalabella.com/english/investors/,200,calendar-page,calendar/results keywords present,0,0,0,,keep-current
58490,Far East Horizon,Muhammad Armand,https://en.fehorizon.com/tzzhd.jhtml,https://en.fehorizon.com/tzzhd.jhtml,200,calendar-page,calendar/results keywords present,0,0,0,,keep-current
1237,Fedrigoni,Christina Rankin,https://investors.fedrigoni.com/results-centre.aspx?sc_lang=en,https://investors.fedrigoni.com/disclaimer-bondholders.aspx?sc_lang=en,200,calendar-page,calendar/results keywords present,0,0,0,,keep-current
39157,FiberCop,Neil McShane,https://www.fibercop.it/en/investors/documents-and-presentations/,https://www.fibercop.com/en/investors/documents-and-presentations/,200,calendar-page,calendar/results keywords present,0,0,0,,keep-current
58542,Fibra SOMA,Cata Rifo,https://fibrasoma.group/investors/events/,https://fibrasoma.group/investors/events/,200,ir-page-no-calendar,IR content but no calendar keywords,1,0,1,,use-jsonld
58543,Fibra Uno,Ibrahim Dughman,https://funo.mx/inversionistas,https://funo.mx/inversionistas,200,non-ir-page,no IR/calendar signals,0,0,0,,replace-url
58553,Fidelity National Information Services,Ignacio Zamorano,https://www.investor.fisglobal.com/?_gl=1*13o13qh*_ga*MTM3Mzc3MjAzNy4xNzg4MzcwMzc1*_ga_SKZCV3S405*czE3ODgzNzAzNzQkbzEkZzAkdDE3ODgzNzAzODQkajU5JGwwJGgw*_gcl_au*MjQ5MzM3MzczLjE3ODgzNzAzODM.,,0,fetch-error,timeout,0,0,0,0001136893,use-sec
2670,Finance of America,Bastián Miranda Olivares,https://ir.financeofamericacompanies.com/News--Events/events-and-presentations/default.aspx?utm_source=chatgpt.com,https://ir.financeofamericacompanies.com/News--Events/events-and-presentations/default.aspx?utm_source=chatgpt.com,200,calendar-page,calendar/results keywords present,0,0,0,,keep-current
58579,First Abu Dhabi Bank,Jack Liew,https://www.bankfab.com/en-ae/about-fab/investor-relations/financial-calendar,https://www.bankfab.com/en-ae/about-fab/investor-relations/financial-calendar,200,calendar-page,calendar/results keywords present,0,0,0,,keep-current
2344,First Quantum Minerals,Ignacio Zamorano,https://www.first-quantum.com/investors/financial-calendar/,https://www.first-quantum.com/investors/financial-calendar/,200,calendar-page,calendar/results keywords present,0,0,1,,use-jsonld
58610,Fiserv,Cata Rifo,https://investors.fiserv.com/news-events/events,,0,fetch-error,timeout,0,0,0,0000798354,use-sec
969,Flora Food Group (UPFIELD),Zoë Miller,https://www.florafoodgroup.com/investor-relations-area/announcements?_gl=1*5z1t*_up*MQ..*_ga*MTI0ODAxNTY5Ny4xNzc2Njk1ODgw*_ga_MX71J7EJ14*czE3NzY2OTU4NzgkbzEkZzAkdDE3NzY2OTU4NzgkajYwJGwwJGgw*_ga_CEK69YZVBZ*czE3NzY2OTU4NzkkbzEkZzAkdDE3NzY2OTU4NzkkajYwJGwwJGgw,https://accounts.florafoodgroup.com/accounts.florafoodgroup.com/oauth2/v2.0/authorize?p=B2C_1A_SIGNUP_SIGNIN&client_id=81811888-7fb6-44b9-a70f-9e7f3bf982d1&nonce=defaultNonce&redirect_uri=https://www.florafoodgroup.com/investor-relations-area/blankpageforazurelogin&returnurl=https://www.florafoodgroup.com/investor-relations-area/announcements&ui_locales=EN&scope=openid&response_type=id_token&prompt=login,200,ir-page-no-calendar,IR content but no calendar keywords,0,0,0,,find-calendar-subpage
58626,Florida Power & Light,Martina Pino,https://www.investor.nexteraenergy.com/news-and-events/news-releases/2026,https://www.investor.nexteraenergy.com/news-and-events/news-releases/2026,200,ir-page-no-calendar,IR content but no calendar keywords,1,1,0,,use-ical
1299,Flos B&B Italia,Bryan McManus,https://www.flosbebitaliagroup.com/group/investors/,https://www.flosbebitaliagroup.com/group/investors/,200,ir-page-no-calendar,IR content but no calendar keywords,0,0,0,,find-calendar-subpage
2558,Fluor,Rafael Alamo,https://fluorenterprisesinc2023rbcr.q4web.com/events-and-presentations/default.aspx,https://fluorenterprisesinc2023rbcr.q4web.com/events-and-presentations/default.aspx,200,calendar-page,calendar/results keywords present,0,0,0,0001124198,use-sec
2942,Flutter Entertainment,Zoë Miller,https://www.flutter.com/investors/financial-calendar/,https://flutter.com/investors/investor-hub/results-reports/,200,ir-page-no-calendar,IR content but no calendar keywords,0,0,0,0001635327,use-sec
1556,Ford,Mati Ossandon,https://shareholder.ford.com/events/default.aspx,https://shareholder.ford.com/events/default.aspx,200,calendar-page,calendar/results keywords present,0,0,0,,keep-current
2341,Forestar Group,Matias Fauré,https://investor.forestar.com/events/,https://investor.forestar.com/events-and-presentations/events,200,calendar-page,calendar/results keywords present,0,0,0,0001406587,use-sec
1519,Forgital,Christina Rankin,investor.forgital.it/eventslist,investor.forgital.it/eventslist,0,fetch-error,"Error: Page.goto: Protocol error (Page.navigate): Cannot navigate to invalid URL
Call l",0,0,0,,replace-url
2339,Forum Energy Technologies,Cata Rifo,https://ir.f-e-t.com/events-and-presentations/upcoming-events,,0,fetch-error,timeout,0,0,0,0001401257,use-sec
3050,Forvia,Peter Megarity,https://www.forvia.com/en/investors,https://www.forvia.com/en/investors,200,calendar-page,calendar/results keywords present,0,0,0,,keep-current
7647,Forward Air,Martina Pino,https://ir.forwardaircorp.com/news-events/ir-calendar,https://ir.forwardaircorp.com/news-events/ir-calendar,200,calendar-page,calendar/results keywords present,1,0,0,0000912728,use-sec
1546,Fosun International,Mark Joseph,https://ir.fosun.com/en/investor-relations/ir-calendar/,https://ir.fosun.com/en/investor-relations/ir-calendar/,200,ir-page-no-calendar,IR content but no calendar keywords,0,0,0,,find-calendar-subpage
58722,Frigorifico Concepcion,Gisela Pollanco,https://ir.concepcion.group/news-events/event-calendar/,https://ir.concepcion.group/news-events/event-calendar/,200,calendar-page,calendar/results keywords present,0,0,1,,use-jsonld
58726,Frontera Energy,Arturo Miquel,https://fronteraenergy.mediaroom.com/news,https://fronteraenergy.mediaroom.com/news,200,ir-page-no-calendar,IR content but no calendar keywords,1,0,0,,use-rss
64633,Future,Daire Vint,https://futureplc.com/investor-results-events/#investorEvents,https://futureplc.com/investor-results-events/,200,calendar-page,calendar/results keywords present,1,0,1,,use-jsonld
58758,Fwd Group Ltd,Umairah Huda Binti Mohamad Asri,https://www.fwd.com/en/investors/financial-calendar/,https://www.fwd.com/en/investors/financial-calendar/,200,calendar-page,calendar/results keywords present,0,0,0,,keep-current
57091,GCC (Grupo Cementos de Chihuahua),Clemente Masferrer,https://ir.gcc.com/es/financiera/invitacion,https://ir.gcc.com/es/financiera/invitacion,200,non-ir-page,no IR/calendar signals,0,0,0,,replace-url
2318,GEO Group,Anais Ruz,https://investors.geogroup.com/news-events-reports/investor-news,,0,fetch-error,timeout,0,0,0,0000923796,use-sec
58926,GLP,Muhammad Danish Noramri,https://www.glpjreit.com/en/ir/calendar.html,https://www.glpjreit.com/en/ir/calendar.html,200,ir-page-no-calendar,IR content but no calendar keywords,0,0,0,,find-calendar-subpage
15731,GOL Airlines,Mati Ossandon,https://ri.voegol.com.br/en/information-for-investors/corporate-events-calendar/,https://ri.voegol.com.br/en/information-for-investors/corporate-events-calendar/,200,calendar-page,calendar/results keywords present,0,0,1,,use-jsonld
63407,Garanti BBVA,Preveena Nantha Kumar,https://www.garantibbvainvestorrelations.com/tr/,https://www.garantibbvainvestorrelations.com/tr/,200,non-ir-page,no IR/calendar signals,0,0,0,,replace-url
2578,Gen Digital,Mati Ossandon,https://investor.gendigital.com/events-and-presentations/default.aspx,https://investor.gendigital.com/events-and-presentations/default.aspx,200,ir-page-no-calendar,IR content but no calendar keywords,0,0,0,0000849399,use-sec
64264,Generacion Mediterranea,Lucas Mateluna,https://www.albanesi.com.ar/relacion-inversor.php#,https://www.albanesi.com.ar/relacion-inversor.php,200,calendar-page,calendar/results keywords present,0,0,0,,keep-current
58832,General Mills,Bastián Miranda Olivares,https://investors.generalmills.com/events-and-presentations/,https://investors.generalmills.com/events-and-presentations/,200,calendar-page,calendar/results keywords present,0,0,0,0000040704,use-sec
1781,General Motors,Martin Cofre,https://investor.gm.com/news-events/events,,0,fetch-error,timeout,0,0,0,0001467858,use-sec
58833,General Shopping,Gisela Pollanco,https://ri.generalshopping.com.br/listresultados.aspx?idCanal=3e+m1FdNEdVcLHmdXh6lUg==&linguagem=pt,https://ri.generalshopping.com.br/listresultados.aspx?idCanal=3e+m1FdNEdVcLHmdXh6lUg==&linguagem=pt,0,fetch-error,Error: Page.goto: net::ERR_EMPTY_RESPONSE at https://ri.generalshopping.com.br/listresu,0,0,0,,replace-url
1586,Genesis Energy,Clemente Masferrer,https://www.genesisenergy.com/investors/events-and-presentations,https://www.genesisenergy.com/investors/events-and-presentations,200,calendar-page,calendar/results keywords present,0,0,0,,keep-current
58842,Genneia,Ibrahim Dughman,https://www.genneia.com.ar//en/ir,https://www.genneia.com.ar//en/ir,200,calendar-page,calendar/results keywords present,0,0,0,0001745621,use-sec
58847,Genting Group,Mateshvaran Prabakaran,https://www.genting.com/announcements,https://www.genting.com/announcements/,200,non-ir-page,no IR/calendar signals,1,0,0,,use-rss
64286,Geopark,Vicente Sánchez,https://ir.geo-park.com/events-and-presentations/default.aspx,https://ir.geo-park.com/events-and-presentations/default.aspx,200,calendar-page,calendar/results keywords present,0,0,0,0001464591,use-sec
58863,Georgia Power,Bastián Miranda Olivares,https://www.georgiapower.com/,https://www.georgiapower.com/,200,non-ir-page,no IR/calendar signals,0,0,0,0000041091,use-sec
58867,Gerdau,Gisela Pollanco,https://ri.gerdau.com/en/ir-services/events-calendar/,https://ri.gerdau.com/en/ir-services/events-calendar/,200,calendar-page,calendar/results keywords present,0,0,1,0001073404,use-sec
1293,Getlink,Christina Rankin,https://www.getlinkgroup.com/en/shareholders-investors/financial-results-and-reports/financial-calendar/,https://www.getlinkgroup.com/en/shareholders-investors/financial-results-and-reports/financial-calendar/,200,thin-body,only 69 chars of visible text,1,0,0,,use-rss
1440,Getty Images,Ignacio Zamorano,https://investors.gettyimages.com/news-events/events-presentations,,0,fetch-error,timeout,0,0,0,0001898496,use-sec
1128,Gildan,Ibrahim Dughman,https://www.gildan.com/latinamerica/es/events,https://www.gildan.com/latinamerica/es/events,200,non-ir-page,no IR/calendar signals,0,0,0,,replace-url
58885,Gilead Sciences,Tomas Pugin,https://investors.gilead.com/events-and-presentations/,https://investors.gilead.com/events-and-presentations/,200,calendar-page,calendar/results keywords present,0,0,0,0000882095,use-sec
69161,Glencore,Joss Smyth,https://www.glencore.com/publications,https://www.glencore.com/publications,200,calendar-page,calendar/results keywords present,0,0,0,,keep-current
58914,Global Payments,Agustin Maza,https://investors.globalpayments.com/news-events/events-presentations,https://investors.globalpayments.com/news-events/events-presentations,200,calendar-page,calendar/results keywords present,1,0,0,0001123360,use-sec
8616,Globe Trade Centre (GTC),Kartigeiswary Deva Kumar,https://www.gtcgroup.com/financial-calendar,https://www.gtcgroup.com/financial-calendar,200,calendar-page,calendar/results keywords present,0,0,0,,keep-current
2070,GoDaddy,Bastián Miranda Olivares,https://aboutus.godaddy.net/investor-relations/events-and-presentations/default.aspx,https://aboutus.godaddy.net/investor-relations/events-and-presentations/default.aspx,200,calendar-page,calendar/results keywords present,0,0,0,0001609711,use-sec
52940,Golar LNG,Matias Fauré,https://www.golarlng.com/investors/financial-calendar.aspx,https://www.golarlng.com/investors/financial-calendar.aspx,200,calendar-page,calendar/results keywords present,0,0,0,0001207179,use-sec
1861,Golden Goose,Neil McShane,https://ir.goldengoose.com/financial-calendar/,https://ir.goldengoose.com/financial-calendar/,200,calendar-page,calendar/results keywords present,0,0,0,,keep-current
58947,Goldman Sachs,Ignacio Zamorano,https://www.goldmansachs.com/pressroom,https://www.goldmansachs.com/pressroom,403,http-4xx,status 403,0,0,0,0000886982,use-sec
3660,GoodRx,Gisela Pollanco,https://investors.goodrx.com/news-and-events/events-and-presentations,,0,fetch-error,timeout,0,0,0,0001809519,use-sec
1029,Goodyear,Tomas Pugin,https://corporate.goodyear.com/us/en/investors/events-and-presentations.html,https://corporate.goodyear.com/us/en/investors/events-and-presentations.html,200,calendar-page,calendar/results keywords present,0,0,0,,keep-current
3019,Graanul Invest,Joss Smyth,https://graanulinvest.com/investors/,https://graanulinvest.com/investors/,200,calendar-page,calendar/results keywords present,0,0,0,,keep-current
2743,GrafTech International,Martina Pino,https://ir.graftech.com/investors/default.aspx#events,https://ir.graftech.com/investors/default.aspx,200,calendar-page,calendar/results keywords present,0,0,0,0000931148,use-sec
2077,Gran Tierra Energy,Martin Cofre,https://www.grantierra.com/investor-relations/presentations-events/,https://www.grantierra.com/investor-relations/presentations-events/,200,ir-page-no-calendar,IR content but no calendar keywords,1,0,0,0001273441,use-sec
2078,Graphic Packaging International,Ibrahim Dughman,https://investors.graphicpkg.com/news-events/ir-calendar,https://investors.graphicpkg.com/news-events/ir-calendar,200,calendar-page,calendar/results keywords present,1,0,0,,use-rss
2080,Gray Media,Gisela Pollanco,https://graymedia.com/investor-relations/#events,https://graymedia.com/investor-relations/,200,ir-page-no-calendar,IR content but no calendar keywords,0,0,0,0000043196,use-sec
2084,Great Lakes Dredge and Dock,Mati Ossandon,https://investor.gldd.com/events-and-presentations,https://investor.gldd.com/events-and-presentations,403,ir-page-no-calendar,IR content but no calendar keywords,0,0,0,,find-calendar-subpage
1063,Greenko,Muhammad Azrul Mokhtar,https://www.greenkogroup.com/investors.php,https://www.greenkogroup.com/investors.php,502,ir-page-no-calendar,IR content but no calendar keywords,0,0,0,,find-calendar-subpage
59005,Greensaif Pipelines,Muhammad Armand,https://greensaifpipelines.com/press-release/,https://greensaifpipelines.com/press-release/,200,non-ir-page,no IR/calendar signals,2,0,0,,use-rss
707,Grifols,Ross Murray,https://www.grifols.com/en/agenda,https://www.grifols.com/en/agenda,200,calendar-page,calendar/results keywords present,0,0,0,0001438569,use-sec
709,Grupo Antolin,Bryan McManus,https://www.antolin.com/en/inversores/investor-calendar,https://www.antolin.com/en/inversores/investor-calendar,200,calendar-page,calendar/results keywords present,0,0,0,,keep-current
56053,Grupo Arcor,Cata Rifo,https://www.arcor.com/en/latest-news/press-releases,https://www.arcor.com/en/latest-news/press-releases,200,non-ir-page,no IR/calendar signals,0,0,0,,replace-url
59034,Grupo Elektra,Ibrahim Dughman,https://www.grupoelektra.com.mx/es/resultados-trimestrales,https://www.grupoelektra.com.mx/es/resultados-trimestrales,200,calendar-page,calendar/results keywords present,0,0,0,,keep-current
1904,Grupo Eroski,Bryan McManus,https://corporativo.eroski.es/inversores/informacion-financiera/,https://corporativo.eroski.es/inversores/informacion-financiera/,200,ir-page-no-calendar,IR content but no calendar keywords,0,0,0,,find-calendar-subpage
64728,Grupo Mexico,Martina Pino,www.gmexico.com,www.gmexico.com,0,fetch-error,"Error: Page.goto: Protocol error (Page.navigate): Cannot navigate to invalid URL
Call l",0,0,0,,replace-url
64585,Grupo Nutresa,Matias Fauré,https://gruponutresa.com/en/investors/,https://gruponutresa.com/en/investors/,200,ir-page-no-calendar,IR content but no calendar keywords,1,0,0,,use-rss
59050,Grupo Televisa,Vicente Sánchez,https://www.televisair.com/en/news-and-events/press-releases/all,https://www.televisair.com/en/news-and-events/press-releases/all,200,ir-page-no-calendar,IR content but no calendar keywords,1,1,0,0000912892,use-sec
710,Guala Closures,Neil McShane,https://www.gualaclosures.com/investors,https://www.gualaclosures.com/investors,200,calendar-page,calendar/results keywords present,0,0,0,,keep-current
59108,Guotai Junan Securities,Kartigeiswary Deva Kumar,https://www.gtjai.com/en/ir_financial_calendar,https://www.gtjai.com/en/ir_financial_calendar,200,ir-page-no-calendar,IR content but no calendar keywords,0,0,0,,find-calendar-subpage
1616,HCA Healthcare,Maria Luisa Torres,https://investor.hcahealthcare.com/events-and-presentations/default.aspx,https://investor.hcahealthcare.com/events-and-presentations/default.aspx,200,calendar-page,calendar/results keywords present,0,0,0,0000860730,use-sec
59207,HDFC Bank,Kavithaasree Singaveloo,https://www.hdfc.bank.in/about-us/investor-relations?icid=website_organic_footer_aboutus:link:investorrelations,https://www.hdfc.bank.in/about-us/investor-relations?icid=website_organic_footer_aboutus:link:investorrelations,200,ir-page-no-calendar,IR content but no calendar keywords,0,0,0,0001144967,use-sec
59365,HP,Anais Ruz,https://investor.hp.com/news-events/default.aspx,https://investor.hp.com/news-events/default.aspx,200,ir-page-no-calendar,IR content but no calendar keywords,0,0,0,0000047217,use-sec
9595,HPS Corporate Lending Fund,Lucas Mateluna,https://www.hlend.com/shareholders/events-presentations,https://www.hlend.com/shareholders/events-presentations,200,ir-page-no-calendar,IR content but no calendar keywords,1,0,0,,use-rss
59368,HSBC,Muhammad Azib Bin Ahmad,https://www.hsbc.com/investors/investing-in-hsbc/financial-calendar,https://www.hsbc.com/investors/investing-in-hsbc/financial-calendar,200,calendar-page,calendar/results keywords present,0,0,0,0001089113,use-sec
1676,HSE24,Michael Clark,https://www.hse.de/,https://www.hse.de/,200,non-ir-page,no IR/calendar signals,0,0,0,,replace-url
59997,Hana Bank,Mark Joseph,https://www.kebhana.com/easyone_index_en.html#,https://www.kebhana.com/easyone_index_en.html#,200,non-ir-page,no IR/calendar signals,0,0,0,,replace-url
59171,Hanwha,Muhammad Danish Noramri,https://www.hanwha.com/newsroom/news/all.do,https://www.hanwha.com/newsroom/news/all.do,200,non-ir-page,no IR/calendar signals,0,0,0,,replace-url
711,Hapag-Lloyd,Daire Vint,https://www.hapag-lloyd.com/en/company/ir/calendar-events/financial-calendar.html,https://www.hapag-lloyd.com/en/company/ir/calendar-events/financial-calendar.html,200,calendar-page,calendar/results keywords present,0,0,1,,use-jsonld
3672,Hayward Industries,Ignacio Zamorano,https://investor.hayward.com/events-and-presentations/default.aspx,https://investor.hayward.com/events-and-presentations/default.aspx,200,calendar-page,calendar/results keywords present,0,0,0,,keep-current
3008,HealthEquity,Cata Rifo,https://ir.healthequity.com/,https://ir.healthequity.com/,200,calendar-page,calendar/results keywords present,0,0,0,0001428336,use-sec
714,Heathrow,Michael Clark,https://www.heathrow.com/company/investor-centre/financial-calendar,https://www.heathrow.com/company/investor-centre/financial-calendar,200,calendar-page,calendar/results keywords present,0,0,0,,keep-current
59230,Heineken,Christina Rankin,https://www.theheinekencompany.com/investors/investor-calendar,https://www.theheinekencompany.com/investors/investor-calendar,200,calendar-page,calendar/results keywords present,0,0,0,0001142231,use-sec
59231,Helaba,Muhammad Azrul Mokhtar,https://www.helaba.com/int/press/financial-calendar.php,https://www.helaba.com/int/press/financial-calendar.php,200,calendar-page,calendar/results keywords present,0,0,0,,keep-current
2132,Herbalife,Mati Ossandon,https://ir.herbalife.com/news-events/ir-calendar,https://ir.herbalife.com/news-events/ir-calendar,200,calendar-page,calendar/results keywords present,1,0,0,0001180262,use-sec
1067,Hertz,Gisela Pollanco,https://ir.hertz.com/events--and--presentations/default.aspx,https://ir.hertz.com/events--and--presentations/default.aspx,200,calendar-page,calendar/results keywords present,0,0,0,,keep-current
59279,Hidrovias do Brasil,Lucas Mateluna,https://ri.hbsa.com.br/informacoes-aos-acionistas/calendario-de-eventos/,https://ri.hbsa.com.br/informacoes-aos-acionistas/calendario-de-eventos/,200,non-ir-page,no IR/calendar signals,0,0,1,,use-jsonld
5917,HighPeak Energy,Lucas Mateluna,https://ir.highpeakenergy.com/news-events/investor-calendar,,0,fetch-error,timeout,0,0,0,0001792849,use-sec
2565,Hillenbrand,Tomas Pugin,https://hillenbrand.com/investors/,https://hillenbrand.com/,200,redirected-to-home,redirected to homepage,0,0,0,,replace-url
2129,Hilton,Anais Ruz,https://ir.hilton.com/events-and-presentations,https://ir.hilton.com/events-and-presentations,200,ir-page-no-calendar,IR content but no calendar keywords,1,1,0,,use-ical
2906,Hilton Grand Vacations,Gisela Pollanco,https://investors.hgv.com/events-and-presentations/default.aspx,https://investors.hgv.com/events-and-presentations/default.aspx,200,calendar-page,calendar/results keywords present,0,0,0,0001674168,use-sec
59315,Home Depot,Arturo Miquel,https://ir.homedepot.com/events-and-presentations,https://ir.homedepot.com/events-and-presentations,200,calendar-page,calendar/results keywords present,0,0,0,0000354950,use-sec
59320,Honeywell,Clemente Masferrer,https://investor.honeywell.com/events-and-presentations/events,https://investor.honeywell.com/events-and-presentations/events,200,calendar-page,calendar/results keywords present,0,0,1,,use-jsonld
69023,Honeywell Aerospace,Ibrahim Dughman,https://investor.honeywellaerospace.com/events-presentations/events,,0,fetch-error,timeout,0,0,0,0002089271,use-sec
1142,Hornbach,Peter Megarity,https://www.hornbach-holding.de/en/investor-relations/financial-calendar/,https://www.hornbach-holding.de/en/investor-relations/financial-calendar,200,calendar-page,calendar/results keywords present,0,0,0,,keep-current
1500,House of HR,Michael Clark,https://houseofhr.com/investors/events,https://houseofhr.com/user/login?destination=/node/313,200,calendar-page,calendar/results keywords present,0,0,0,,keep-current
59356,Housing and Development Board,Muhammad Danish Noramri,https://www.hdb.gov.sg/homepage,https://www.hdb.gov.sg/homepage,200,ir-page-no-calendar,IR content but no calendar keywords,0,0,0,,find-calendar-subpage
2218,Hovnanian Enterprises,Martin Cofre,https://www.khov.com/investor-relations/?acknowledged=true,https://www.khov.com/investor-relations/?acknowledged=true,200,ir-page-no-calendar,IR content but no calendar keywords,0,0,0,0000357294,use-sec
2157,Howard Hughes Corporation,Anais Ruz,https://investor.howardhughes.com/news-events/events-webcasts,,0,fetch-error,timeout,0,0,0,0001981792,use-sec
59403,Huatai Securities,Shi Man Fong,https://www.htsc.com.cn/htzq/investor/en/presentations.jsp,https://www.htsc.com.cn/htzq/investor/en/presentations.jsp,0,fetch-error,Error: Page.goto: net::ERR_EMPTY_RESPONSE at https://www.htsc.com.cn/htzq/investor/en/p,0,0,0,,replace-url
2160,HudBay Minerals,Martina Pino,https://hudbayminerals.com/news-media/default.aspx#2025#Hudbay-Comments-on-Peru-Social-Unrest,https://hudbayminerals.com/news-media/default.aspx,200,non-ir-page,no IR/calendar signals,0,0,0,0001322422,use-sec
3275,Huhtamaki,Bryan McManus,https://www.huhtamaki.com/en/investors/investor-calendar/financial-calendar/,https://www.huhtamaki.com/en/investors/investor-calendar/financial-calendar/,200,calendar-page,calendar/results keywords present,0,0,0,,keep-current
59417,Humana,Arturo Miquel,https://humana.gcs-web.com/events-and-presentations/upcoming-events,,0,fetch-error,timeout,0,0,0,0000049071,use-sec
59423,Huntington Bancshares,Gisela Pollanco,https://ir.huntington.com/news-presentations/events-presentations,https://ir.huntington.com/news-presentations/events-presentations,200,calendar-page,calendar/results keywords present,1,0,0,,use-rss
1068,Huntsman,Tomas Pugin,https://www.huntsman.com/investors/events-presentations/ir-calendar,https://www.huntsman.com/investors/events-presentations/ir-calendar,200,calendar-page,calendar/results keywords present,1,0,0,0001307954,use-sec
727,Hurtigruten,Ross Murray,https://www.hurtigruten.com/en/about-us/investors,https://www.hurtigruten.com/en/about-us/investors,200,ir-page-no-calendar,IR content but no calendar keywords,0,0,0,,find-calendar-subpage
59460,Hyundai Capital Services,Sharusree Nandakumar,https://about.hyundaicapital.com/au/shrold/IRAUSD0101.hc,https://about.hyundaicapital.com/au/shrold/IRAUSD0101.hc,0,fetch-error,Error: Page.goto: net::ERR_EMPTY_RESPONSE at https://about.hyundaicapital.com/au/shrold,0,0,0,,replace-url
54694,IBM,Clemente Masferrer,https://www.ibm.com/investor/events,https://www.ibm.com/investor/events,200,calendar-page,calendar/results keywords present,0,0,1,,use-jsonld
59482,ICBC,Muhammad Danish Noramri,https://www.icbc-ltd.com/en/column/1438058319654043650.html,https://www.icbc-ltd.com/en/column/1438058319654043650.html,200,calendar-page,calendar/results keywords present,0,0,0,,keep-current
3693,ICU Medical,Martin Cofre,https://ir.icumed.com/event-calendar,https://ir.icumed.com/event-calendar,403,thin-body,only 221 chars of visible text,0,0,0,,js-render-required
59523,IHS Towers,Kavithaasree Singaveloo,https://www.ihstowers.com/support-and-info/media/press-releases,https://www.ihstowers.com/support-and-info/media/press-releases,200,thin-body,only 113 chars of visible text,0,0,0,,js-render-required
2592,IMA,Neil McShane,https://ima.it/en/,https://imagroup.com/,200,redirected-to-home,redirected to homepage,0,0,0,,replace-url
737,INEOS,Joss Smyth,https://www.ineos.com/investor-relations/financial-calendar/,https://www.ineos.com/investor-relations/financial-calendar/,200,calendar-page,calendar/results keywords present,0,0,0,,keep-current
1746,INEOS Enterprises,Christina Rankin,https://www.ineos.com/businesses/ineos-enterprises/,https://www.ineos.com/businesses/ineos-enterprises/,200,non-ir-page,no IR/calendar signals,0,0,0,,replace-url
2771,INEOS Quattro,Joss Smyth,https://www.ineos.com/ineos-quattro-investor-relations/financial-calendar/,https://www.ineos.com/ineos-quattro-investor-relations/financial-calendar/,200,calendar-page,calendar/results keywords present,0,0,0,,keep-current
59610,ING Bank,Kartigeiswary Deva Kumar,https://ing.com/investors/calendar,https://ing.com/investors/calendar,200,calendar-page,calendar/results keywords present,0,0,0,,keep-current
59732,IRSA Inversiones,Rodrigo Maass,https://www.irsa.com.ar/inversores/recursos-para-inversores/?tab=noticias,https://www.irsa.com.ar/inversores/recursos-para-inversores/?tab=noticias,200,ir-page-no-calendar,IR content but no calendar keywords,2,0,0,,use-rss
2167,Iamgold,Rodrigo Maass,https://www.iamgold.com/English/investors/events/events-and-webcasts/default.aspx,https://www.iamgold.com/English/investors/events/events-and-webcasts/default.aspx,200,calendar-page,calendar/results keywords present,0,0,0,0001203464,use-sec
59477,Iberdrola,Joss Smyth,https://www.iberdrola.com/shareholders-investors/shareholders/shareholders-investors-calendar,https://www.iberdrola.com/shareholders-investors/shareholders/shareholders-investors-calendar,403,ir-page-no-calendar,IR content but no calendar keywords,0,0,0,,find-calendar-subpage
730,Iceland,Zoë Miller,https://investors.iceland.co.uk/auth/login,https://investors.iceland.co.uk/auth/login,200,ir-page-no-calendar,IR content but no calendar keywords,0,0,0,,find-calendar-subpage
1857,Iliad,Ross Murray,https://www.iliad.fr/en/investisseurs/contact-et-agenda,https://www.iliad.fr/en/investisseurs/contact-et-agenda,200,calendar-page,calendar/results keywords present,0,0,0,,keep-current
59546,Imperial Brands,Joss Smyth,https://www.imperialbrandsplc.com/investor-hub/financial-calendar,https://www.imperialbrandsplc.com/investor-hub/financial-calendar,200,ir-page-no-calendar,IR content but no calendar keywords,0,0,0,,find-calendar-subpage
2934,InPost,Liviyan Raj Kovindasamy,https://inpost.eu/investors/upcoming-events,https://inpost.eu/investors/upcoming-events,200,calendar-page,calendar/results keywords present,0,0,0,,keep-current
59633,InRetail Shopping Malls,Maria Luisa Torres,https://www.inretail.pe/es/inversionistas/calendario-de-eventos,https://www.inretail.pe/es/inversionistas/calendario-de-eventos,0,fetch-error,Error: Page.goto: net::ERR_EMPTY_RESPONSE at https://www.inretail.pe/es/inversionistas/,0,0,0,,replace-url
59590,Industrial Bank China,Preveena Nantha Kumar,https://www.cib.com.cn/en/aboutCIB/investor/tzzfw/log.html,https://www.cib.com.cn/en/aboutCIB/investor/tzzfw/log.html,200,calendar-page,calendar/results keywords present,0,0,0,,keep-current
59591,Industrial Bank of Korea,Mark Joseph,https://global.ibk.co.kr/en/investor/IRBook,https://global.ibk.co.kr/en/investor/IRBook,200,ir-page-no-calendar,IR content but no calendar keywords,0,0,0,,find-calendar-subpage
1181,Infopro Digital,Christina Rankin,https://www.infopro-digital.com/financial-informations/,https://www.infopro-digital.com/financial-access/?redirect_to=https://www.infopro-digital.com/financial-informations/,200,non-ir-page,no IR/calendar signals,0,0,0,,replace-url
3032,Infront,Daire Vint,https://www.infront.co/global/en/company/investor-relations.html,https://www.infront.co/global/en/company/investor-relations.html,200,ir-page-no-calendar,IR content but no calendar keywords,0,0,0,,find-calendar-subpage
2658,Ingevity,Anais Ruz,https://ir.ingevity.com/news-releases/default.aspx,https://ir.ingevity.com/news-releases/default.aspx,200,ir-page-no-calendar,IR content but no calendar keywords,0,0,0,0001653477,use-sec
2175,Ingles Markets,Bastián Miranda Olivares,https://www.ingles-markets.com/corporate/cg2/investor/financial-press-releases,https://www.ingles-markets.com/corporate/cg2/investor/financial-press-releases,403,http-4xx,status 403,0,0,0,0000050493,use-sec
3707,Insulet,Anais Ruz,https://investors.insulet.com/events-and-presentations/default.aspx,https://investors.insulet.com/events-and-presentations/default.aspx,200,calendar-page,calendar/results keywords present,0,0,0,0001145197,use-sec
59647,Intel,Lucas Mateluna,https://www.intc.com/news-events/ir-calendar,https://www.intc.com/news-events/ir-calendar,200,calendar-page,calendar/results keywords present,1,0,0,0000050863,use-sec
2590,Intelligent Packaging,Bryan McManus,https://www.iplschoeller.com/events?configure%5BhitsPerPage%5D=14&configure%5Bfilters%5D=language%3Aen%20AND%20contentType%3AeventPage%20AND%20%24metadata.tags.sys.id%3Aen%20AND%20upcoming%3Atrue,https://www.iplschoeller.com/events?configure%5BhitsPerPage%5D=14&configure%5Bfilters%5D=language:en%20AND%20contentType:eventPage%20AND%20$metadata.tags.sys.id:en%20AND%20upcoming:true,200,non-ir-page,no IR/calendar signals,0,0,1,,use-jsonld
67847,Inter-American Development Bank (IDB),Bastián Miranda Olivares,https://idbinvest.org/en/investors,https://idbinvest.org/en/investors,200,ir-page-no-calendar,IR content but no calendar keywords,1,0,0,,use-rss
1644,Intesa Sanpaolo,Mateshvaran Prabakaran,https://group.intesasanpaolo.com/it/investor-relations/calendario-finanziario,https://group.intesasanpaolo.com/it/investor-relations/calendario-finanziario,200,ir-page-no-calendar,IR content but no calendar keywords,0,0,1,,use-jsonld
1170,Intrum Justitia,Michael Clark,https://www.intrum.com/investors/financial-calendar/,https://www.intrum.com/investors/financial-calendar/,200,calendar-page,calendar/results keywords present,0,0,0,,keep-current
59711,Iochpe-Maxion,Martina Pino,https://www.iochpe.com.br/informacoes-financeiras/calendario-de-eventos/,https://www.iochpe.com.br/informacoes-ao-mercado/calendario-de-eventos-corporativos/,200,non-ir-page,no IR/calendar signals,1,0,1,,use-jsonld
2731,Iridium Communications,Martina Pino,https://investor.iridium.com/events,https://investor.iridium.com/events,200,ir-page-no-calendar,IR content but no calendar keywords,2,0,0,0001418819,use-sec
1023,Iron Mountain,Cata Rifo,https://investors.ironmountain.com/events-and-presentations/default.aspx,https://investors.ironmountain.com/events-and-presentations/default.aspx,200,ir-page-no-calendar,IR content but no calendar keywords,0,0,0,0001020569,use-sec
1737,Isabel Marant,Ross Murray,https://investor-relations.isabelmarant.com/login/?redirect_to=https%3A%2F%2Finvestor-relations.isabelmarant.com%2F,https://investor-relations.isabelmarant.com/login/?redirect_to=https://investor-relations.isabelmarant.com/,200,ir-page-no-calendar,IR content but no calendar keywords,2,0,0,,use-rss
63409,Isbank,Muhammad Azib Bin Ahmad,https://www.isbank.com.tr/en/about-us/calendar-of-events,https://www.isbank.com.tr/en/about-us/calendar-of-events,200,ir-page-no-calendar,IR content but no calendar keywords,0,0,0,,find-calendar-subpage
68596,Islamic Development Bank,Mark Joseph,https://www.isdb.org/publications,https://www.isdb.org/publications,200,ir-page-no-calendar,IR content but no calendar keywords,0,0,0,,find-calendar-subpage
1286,Italmatch,Zoë Miller,https://www.italmatch.com/investor-relations/,https://www.italmatch.com/disclaimer/?redirect_to=https://www.italmatch.com/investors-relations/,200,ir-page-no-calendar,IR content but no calendar keywords,1,0,0,,use-rss
2988,Itelyum,Christina Rankin,https://www.itelyum.com/investitori/pagina-protetta/,https://www.itelyum.com/registrazione/,200,non-ir-page,no IR/calendar signals,1,0,0,,use-rss
1510,Ithaca Energy,Ross Murray,https://investors.ithacaenergy.com/news-events/financial-calendar?tab=upcoming-events,https://investors.ithacaenergy.com/news-events/financial-calendar?tab=upcoming-events,200,calendar-page,calendar/results keywords present,0,0,0,,keep-current
2205,Itron,Rafael Alamo,https://investors.itron.com/events-presentations,,0,fetch-error,timeout,0,0,0,0000780571,use-sec
1985,JBS,Martin Cofre,https://ir.jbsglobal.com/shareholder-information/ir-calendar/,https://ir.jbsglobal.com/shareholder-information/ir-calendar/,200,ir-page-no-calendar,IR content but no calendar keywords,0,0,0,0001791942,use-sec
59807,JD.com,Mark Joseph,https://ir.jd.com/upcoming-events,,0,fetch-error,timeout,0,0,0,0001549802,use-sec
59925,JP Morgan,Bastián Miranda Olivares,https://www.jpmorganchase.com/ir/events,https://www.jpmorganchase.com/ir/events,200,calendar-page,calendar/results keywords present,0,0,0,,keep-current
59783,Jackson National,Matias Fauré,https://investors.jackson.com/events-and-presentations/events-calendar/event-details/2026/Jackson-Financial-Inc-1Q26-Earnings-Call-2026-cWeQn8ELSA/default.aspx,https://investors.jackson.com/events-and-presentations/events-calendar/event-details/2026/Jackson-Financial-Inc-1Q26-Earnings-Call-2026-cWeQn8ELSA/default.aspx,200,calendar-page,calendar/results keywords present,0,0,0,,keep-current
754,Jaguar Land Rover,Peter Megarity,https://www.jlr.com/contacts-and-financial-calendar,https://www.jlr.com/contacts-and-financial-calendar,200,calendar-page,calendar/results keywords present,0,0,0,,keep-current
6395,Janus International Group,Rafael Alamo,https://ir.janusintl.com/presentations-events/ir-calendar,https://ir.janusintl.com/presentations-events/ir-calendar,200,non-ir-page,no IR/calendar signals,1,0,0,0001839839,use-sec
59811,Jefferies,Cata Rifo,https://ir.jefferies.com/news/default.aspx,https://ir.jefferies.com/news/default.aspx,200,ir-page-no-calendar,IR content but no calendar keywords,0,0,0,,find-calendar-subpage
9157,JetBlue,Mateo Castro,https://ir.jetblue.com/events-and-presentations/default.aspx,https://ir.jetblue.com/events-and-presentations/default.aspx,200,calendar-page,calendar/results keywords present,0,0,0,,keep-current
59906,John Deere,Gisela Pollanco,https://investor.deere.com/home/?adobe_mc=MCMID%3D71341101127651731220405053297798318917%7CMCORGID%3D8CC867C25245ADC30A490D4C%2540AdobeOrg%7CTS%3D1768389234,https://investor.deere.com/home/?adobe_mc=MCMID%3D71341101127651731220405053297798318917%7CMCORGID%3D8CC867C25245ADC30A490D4C%2540AdobeOrg%7CTS%3D1768389234,200,calendar-page,calendar/results keywords present,0,0,0,,keep-current
59911,Johnson & Johnson,Tomas Pugin,https://www.investor.jnj.com/overview/default.aspx,https://www.investor.jnj.com/overview/default.aspx,200,ir-page-no-calendar,IR content but no calendar keywords,0,0,0,0000200406,use-sec
2605,KBR,Martin Cofre,https://investors.kbr.com/news-and-events/events-and-presentations/default.aspx,https://investors.kbr.com/news-and-events/events-and-presentations/default.aspx,200,calendar-page,calendar/results keywords present,0,0,0,0001357615,use-sec
53235,KD Pharma,Peter Megarity,https://kdpharmagroup.com/investor-relations,https://kdpharmagroup.com/investor-relations,200,cookie-wall,cookie markers + short body (1415 chars),1,0,0,,use-rss
52443,KIKO Milano,Ross Murray,https://www.kikocosmetics.com/en-gb/about-kiko/investor/,https://www.kikocosmetics.com/en-gb/about-kiko/investor/,200,calendar-page,calendar/results keywords present,0,0,0,,keep-current
59958,Kallpa Generacion,Matias Fauré,https://kallpageneracion.com.pe/en/news/,https://kallpageneracion.com.pe/en/news/,200,non-ir-page,no IR/calendar signals,1,0,0,,use-rss
1464,Kantar,Neil McShane,https://www.kantar.com/investor-relations/financial-announcement#year=2026,https://www.kantar.com/investor-relations/financial-announcement#year=2026,200,ir-page-no-calendar,IR content but no calendar keywords,0,0,0,,find-calendar-subpage
59987,KazMunayGas,Sharusree Nandakumar,https://www.kmg.kz/en/investors/investor_calendar/,https://www.kmg.kz/en/investors/investor_calendar/,200,ir-page-no-calendar,IR content but no calendar keywords,0,0,0,,find-calendar-subpage
713,Kelvion (Heat Exchangers),Daire Vint,https://www.kelvion.com/,https://www.kelvion.com/,200,ir-page-no-calendar,IR content but no calendar keywords,0,0,0,,find-calendar-subpage
3046,Kem One,Peter Megarity,https://www.kemone.com/en/investors/,https://www.kemone.com/en/investors/,502,http-5xx,status 502,1,0,0,,use-rss
2250,Kennedy Wilson,Cata Rifo,https://ir.kennedywilson.com/news-events-and-presentations/events,https://ir.kennedywilson.com/,200,redirected-to-home,redirected to homepage,1,1,0,,use-ical
60025,Keurig Dr Pepper,Martina Pino,https://investors.keurigdrpepper.com/events-and-presentations,https://investors.keurigdrpepper.com/events-and-presentations,200,calendar-page,calendar/results keywords present,0,0,0,0001418135,use-sec
20929,Kier Group,Christina Rankin,https://www.kier.co.uk/investors/financial-calendar/,https://www.kier.co.uk/investors/financial-calendar/,200,calendar-page,calendar/results keywords present,0,0,0,,keep-current
1342,Kiloutou,Bryan McManus,https://www.kiloutou.com/group/en/,https://www.kiloutou.com/group/en/,200,calendar-page,calendar/results keywords present,0,0,0,,keep-current
60042,Kinder Morgan,Rafael Alamo,https://ir.kindermorgan.com/news/,https://ir.kindermorgan.com/news/,200,ir-page-no-calendar,IR content but no calendar keywords,0,0,0,0001506307,use-sec
60062,Klabin,Vicente Sánchez,https://ri.klabin.com.br/para-o-investidor/calendario-ri/,https://ri.klabin.com.br/para-o-investidor/calendario-ri/,200,non-ir-page,no IR/calendar signals,0,0,0,,replace-url
765,Kloeckner Pentaplast,Bryan McManus,https://www.kpfilms.com/en/investors/investor_information,https://www.kpfilms.com/en/investors/investor_reg_form.php?ORIGIN=/en/investors/investor_information.php,200,ir-page-no-calendar,IR content but no calendar keywords,0,0,0,,find-calendar-subpage
17585,Kodiak Gas Services,Vicente Sánchez,https://ir.kodiakgas.com/news-events/ir-calendar,https://ir.kodiakgas.com/news-events/ir-calendar,200,non-ir-page,no IR/calendar signals,1,0,0,0001767042,use-sec
60081,Komercni Banka,Liviyan Raj Kovindasamy,https://www.kb.cz/cs/o-bance/pro-investory/financni-kalendar,https://www.kb.cz/cs/o-bance/pro-investory/financni-kalendar,200,non-ir-page,no IR/calendar signals,0,0,0,,replace-url
60088,Kookmin Bank,Shi Man Fong,https://omoney.kbstar.com/quics?page=C021227,https://omoney.kbstar.com/quics?page=C021227#loading,200,non-ir-page,no IR/calendar signals,0,0,0,,replace-url
60093,Korea Development Bank,Mark Joseph,https://www.kdb.co.kr/CHGLIR05N00.act?_mnuId=IHIHEN0028&JEX_LANG=EN,https://www.kdb.co.kr/CHGLIR05N00.act?_mnuId=IHIHEN0028&JEX_LANG=EN,0,fetch-error,Error: Page.goto: net::ERR_EMPTY_RESPONSE at https://www.kdb.co.kr/CHGLIR05N00.act?_mnu,0,0,0,,replace-url
60096,Korea Electric Power Corporation,Kartigeiswary Deva Kumar,https://www.kepco.co.kr/eng/investor-relations/ir-information/ir-schedule/boardList.do,https://www.kepco.co.kr/eng/investor-relations/ir-information/ir-schedule/boardList.do,200,ir-page-no-calendar,IR content but no calendar keywords,0,0,0,0000887225,use-sec
60099,Korea Expressway,Kartigeiswary Deva Kumar,http://www.ex.co.kr/eng/,http://www.ex.co.kr/eng/,0,fetch-error,"Error: Page.goto: net::ERR_EMPTY_RESPONSE at http://www.ex.co.kr/eng/
Call log:
navigat",0,0,0,,replace-url
60102,Korea Gas,Shi Man Fong,https://www.kogas.or.kr/site/eng/main,https://www.kogas.or.kr/site/eng/main,200,non-ir-page,no IR/calendar signals,0,0,0,,replace-url
60105,Korea Housing Finance Corporation,Ummu Aiman binti Mohd Thani,https://www.hf.go.kr/en/sub06/sub06_08.do,https://www.hf.go.kr/en/sub06/sub06_08.do,0,fetch-error,"Error: Page.goto: net::ERR_EMPTY_RESPONSE at https://www.hf.go.kr/en/sub06/sub06_08.do
",0,0,0,,replace-url
60106,Korea Hydro & Nuclear Power,Liviyan Raj Kovindasamy,https://www.khnp.co.kr/eng/contents.do?key=459,https://www.khnp.co.kr/eng/contents.do?key=459,0,fetch-error,Error: Page.goto: net::ERR_EMPTY_RESPONSE at https://www.khnp.co.kr/eng/contents.do?key,0,0,0,,replace-url
60108,Korea Land & Housing Corp,Mateshvaran Prabakaran,https://www.lh.or.kr/menu.es?mid=a20301010000,https://www.lh.or.kr/menu.es?mid=a20301010000,0,fetch-error,Error: Page.goto: net::ERR_EMPTY_RESPONSE at https://www.lh.or.kr/menu.es?mid=a20301010,0,0,0,,replace-url
60113,Korea National Oil,Muhammad Azib Bin Ahmad,https://www.knoc.co.kr/ENG/sub04/sub04_3_1.jsp,https://www.knoc.co.kr/ENG/sub04/sub04_3_1.jsp,0,fetch-error,Error: Page.goto: net::ERR_EMPTY_RESPONSE at https://www.knoc.co.kr/ENG/sub04/sub04_3_1,0,0,0,,replace-url
60114,Korea Ocean Business Corp,Preveena Nantha Kumar,https://www.kobc.or.kr/ebz/eng/main.do,https://www.kobc.or.kr/ebz/eng/main.do,0,fetch-error,"Error: Page.goto: net::ERR_EMPTY_RESPONSE at https://www.kobc.or.kr/ebz/eng/main.do
Cal",0,0,0,,replace-url
2727,Kosmos Energy,Vicente Sánchez,https://investors.kosmosenergy.com/investor-events,,0,fetch-error,timeout,0,0,0,0001509991,use-sec
60134,Kroger,Tomas Pugin,https://ir.kroger.com/events-and-presentations/default.aspx,https://ir.kroger.com/events-and-presentations/default.aspx,200,calendar-page,calendar/results keywords present,0,0,0,0000056873,use-sec
60137,Kt Corporation,Kavithaasree Singaveloo,https://corp.kt.com/eng/html/investors/resources/earnings.html,,0,fetch-error,ServerDisconnectedError: Server disconnected,0,0,0,0000892450,use-sec
68223,Kuaishou Technology,Liviyan Raj Kovindasamy,https://ir.kuaishou.com/zh-hans,https://ir.kuaishou.com/zh-hans,403,thin-body,only 214 chars of visible text,0,0,0,,js-render-required
60170,L'Oreal,Ross Murray,https://www.loreal-finance.com/eng/financial-calendar,https://www.loreal-finance.com/eng/financial-calendar,200,calendar-page,calendar/results keywords present,0,0,0,,keep-current
3374,LATAM Airlines,Agustin Maza,https://ir.latam.com/English/events-and-presentations/default.aspx,https://ir.latam.com/English/events-and-presentations/default.aspx,200,ir-page-no-calendar,IR content but no calendar keywords,0,0,0,0001047716,use-sec
53181,LD Celulose,Bryan McManus,https://invest.ldcelulose.com.br/login/,https://invest.ldcelulose.com.br/login/,200,ir-page-no-calendar,IR content but no calendar keywords,1,0,0,,use-rss
60282,LG Energy Solution,Umairah Huda Binti Mohamad Asri,https://www.lgensol.com/en/investors/investors-activity#navigation,https://www.lgensol.com/en/investors/investors-activity,200,ir-page-no-calendar,IR content but no calendar keywords,0,0,1,,use-jsonld
2785,LR Health & Beauty,Peter Megarity,https://ir.lrworld.com/de/finanzkalender/,https://ir.lrworld.com/de/finanzkalender/,200,ir-page-no-calendar,IR content but no calendar keywords,0,0,0,,find-calendar-subpage
60433,LVMH,Ross Murray,https://www.lvmh.com/en/financial-calendar?tag=Results,https://www.lvmh.com/en/financial-calendar?tag=Results,0,fetch-error,"TimeoutError: Page.goto: Timeout 20000ms exceeded.
Call log:
navigating to ""https://www.lvmh.c",0,0,0,,replace-url
39160,La Doria,Zoë Miller,https://www.gruppoladoria.it/en/comunicati-stampa/,https://www.gruppoladoria.it/en/comunicati-stampa/,200,calendar-page,calendar/results keywords present,1,0,0,,use-rss
3257,LaLiga,Christina Rankin,https://www.laliga.com/en-GB/laliga-group/transparencia/gestion-economica/cuentas-anuales,https://www.laliga.com/en-GB/laliga-group/transparencia/gestion-economica/cuentas-anuales,200,non-ir-page,no IR/calendar signals,0,0,0,,replace-url
2265,Lamar Advertising,Cata Rifo,https://ir.lamar.com/news-events/events-and-presentations,https://ir.lamar.com/news-events/events-and-presentations,403,thin-body,only 240 chars of visible text,0,0,0,,js-render-required
2273,Lamb Weston,Clemente Masferrer,https://investors.lambweston.com/news-events/events-and-presentations,,0,fetch-error,timeout,0,0,0,0001679273,use-sec
60241,Landesbank Baden-Wuerttemberg,Umairah Huda Binti Mohamad Asri,https://www.lbbw.de/konzern/news-and-service/investor-relations/investor-relations/investor-relations_7vjyv8hsd_d.html,https://www.lbbw.de/konzern/news-and-service/investor-relations/investor-relations/investor-relations_7vjyv8hsd_d.html,200,ir-page-no-calendar,IR content but no calendar keywords,0,0,0,,find-calendar-subpage
777,Lecta,Peter Megarity,https://www.lecta.com/en/investors,https://www.lecta.com/en/investors,200,ir-page-no-calendar,IR content but no calendar keywords,0,0,0,,find-calendar-subpage
65074,Liberty Costa Rica,Mati Ossandon,https://investors.lla.com/events-and-presentations/events/,https://investors.lla.com/events-and-presentations/events/,200,ir-page-no-calendar,IR content but no calendar keywords,0,0,0,,find-calendar-subpage
60304,Liberty Puerto Rico,Vicente Sánchez,https://investors.lla.com/events-and-presentations/events/,https://investors.lla.com/events-and-presentations/events/,200,ir-page-no-calendar,IR content but no calendar keywords,0,0,0,,find-calendar-subpage
1972,Life Time Fitness,Anais Ruz,https://ir.lifetime.life/,https://ir.lifetime.life/,200,calendar-page,calendar/results keywords present,1,0,0,,use-rss
27881,LifeFit Group,Daire Vint,https://www.lifefit-group.com/investor-relations/financial-calendar,https://www.lifefit-group.com/investor-relations/financial-calendar,200,calendar-page,calendar/results keywords present,0,0,0,,keep-current
3740,Lifetime Brands,Mati Ossandon,https://lifetimebrands.gcs-web.com/events-and-presentations,,0,fetch-error,timeout,0,0,0,0000874396,use-sec
1222,Light & Wonder,Mati Ossandon,https://explore.investors.lnw.com/news-events/events-presentations?2bd47f07a1b2818f170f4cc8b3a1d1a67af4758e264e12bcc978c07e49dad188_year%5Bvalue%5D=2026&op=Filter&2bd47f07a1b2818f170f4cc8b3a1d1a67af4758e264e12bcc978c07e49dad188_widget_id=2bd47f07a1b2818f170f4cc8b3a1d1a67af4758e264e12bcc978c07e49dad188&form_build_id=form-MONSsVqN1Ny72Bsc4HyZUFANC5IioP24Q5diNsptvsg&form_id=widget_form_base,,0,fetch-error,timeout,0,0,0,0000750004,use-sec
3128,Lindblad,Mati Ossandon,https://investors.expeditions.com/events/default.aspx,https://investors.expeditions.com/events/default.aspx,200,calendar-page,calendar/results keywords present,0,0,0,,keep-current
55849,Linde,Joss Smyth,https://www.linde.com/investors/events-calendar,https://www.linde.com/investors/events-calendar,200,calendar-page,calendar/results keywords present,0,0,1,0001707925,use-sec
2293,Lionsgate,Matias Fauré,https://investors.lionsgate.com/news-events/events-and-presentations/default.aspx,https://investors.lionsgate.com/news-events/events-and-presentations/default.aspx,200,calendar-page,calendar/results keywords present,0,0,0,,keep-current
60362,Lloyds Bank,Umairah Huda Binti Mohamad Asri,https://www.lloydsbankinggroup.com/investors/shareholder-information/financial-calendar.html,https://www.lloydsbankinggroup.com/investors/shareholder-information/financial-calendar.html,200,calendar-page,calendar/results keywords present,0,0,0,,keep-current
2659,LoanDepot,Ignacio Zamorano,https://investors.loandepot.com/events-and-presentations/default.aspx,https://investors.loandepot.com/events-and-presentations/default.aspx,200,calendar-page,calendar/results keywords present,0,0,0,0001831631,use-sec
60418,London Stock Exchange Group,Bryan McManus,https://www.lseg.com/en/investor-relations/financial-calendar#t-a2026,https://www.lseg.com/en/investor-relations/financial-calendar,200,calendar-page,calendar/results keywords present,0,0,0,0001842726,use-sec
3049,Lottomatica,Peter Megarity,https://lottomaticagroup.com/it-it/home/investors/calendario-finanziario,https://lottomaticagroup.com/it-it/home/investors/calendario-finanziario,403,ir-page-no-calendar,IR content but no calendar keywords,0,0,0,,find-calendar-subpage
1172,Lowell GFKL,Joss Smyth,https://www.lowell.com/performance-and-governance,https://www.lowell.com/performance-and-governance,200,ir-page-no-calendar,IR content but no calendar keywords,0,0,0,,find-calendar-subpage
780,Loxam,Peter Megarity,https://loxam.com/en/finance/access-investor-relations/financial-calendar/,https://loxam.com/en/finance/access-investor-relations/financial-calendar/,200,calendar-page,calendar/results keywords present,1,0,0,,use-rss
3493,Lucky Strike,Agustin Maza,https://ir.luckystrikeent.com/investor-relations/events/default.aspx,https://ir.luckystrikeent.com/investor-relations/events/default.aspx,200,calendar-page,calendar/results keywords present,0,0,0,,keep-current
2313,Lumen (CenturyLink),Mati Ossandon,https://ir.lumen.com/events-and-presentations/default.aspx,https://ir.lumen.com/events-and-presentations/default.aspx,200,calendar-page,calendar/results keywords present,0,0,0,,keep-current
1961,Lument Finance Trust,Gisela Pollanco,https://www.lumentfinancetrust.com/investor-relations/category/press-releases/,https://www.lumentfinancetrust.com/investor-relations/category/press-releases/,200,calendar-page,calendar/results keywords present,3,0,0,0001547546,use-sec
60423,Luminor,Umairah Huda Binti Mohamad Asri,https://luminor.ee/investors,https://luminor.ee/investors,403,ir-page-no-calendar,IR content but no calendar keywords,0,0,0,,find-calendar-subpage
60436,M&T Bank,Mati Ossandon,https://ir.mtb.com/news-events/events-presentations,,0,fetch-error,timeout,0,0,0,0000036270,use-sec
2889,MAHLE,Zoë Miller,https://www.mahle.com/en/investor-relations/financial-calendar/,https://www.mahle.com/en/investor-relations/financial-calendar/,200,calendar-page,calendar/results keywords present,0,0,0,,keep-current
60556,MBH Bank,Preveena Nantha Kumar,https://www.mbhbank.com/sw/static/file/MBHBankPlc_Extraordinaryinformation_Corporatecalendar2026.pdf,https://www.mbhbank.com/sw/static/file/MBHBankPlc_Extraordinaryinformation_Corporatecalendar2026.pdf,0,fetch-error,Error: Page.goto: net::ERR_ABORTED at https://www.mbhbank.com/sw/static/file/MBHBankPlc,0,0,0,,replace-url
56774,MBRF,Matias Fauré,https://ri.mbrf.com/servicos-aos-investidores/calendario-de-eventos/,https://ri.mbrf.com/servicos-aos-investidores/calendario-de-eventos/,200,non-ir-page,no IR/calendar signals,1,0,1,,use-jsonld
60669,MGM China,Muhammad Armand,https://en.mgmchinaholdings.com/ir-event-calendar,https://en.mgmchinaholdings.com/ir-event-calendar,200,ir-page-no-calendar,IR content but no calendar keywords,1,0,0,,use-rss
3014,MKS Instruments,Cata Rifo,https://investor.mks.com/events-and-presentations,https://investor.mks.com/events-and-presentations,403,ir-page-no-calendar,IR content but no calendar keywords,0,0,0,,find-calendar-subpage
53222,MLP Group,Muhammad Armand,https://mlpgroup.com/en/for-investors/xx/,https://mlpgroup.com/en/for-investors/xx/,200,calendar-page,calendar/results keywords present,0,0,0,,keep-current
53173,MPC Container Ships,Joss Smyth,https://www.mpc-container.com/investors/events/,https://www.mpc-container.com/investors/events/,200,calendar-page,calendar/results keywords present,0,0,0,,keep-current
60805,MPLX,Anais Ruz,https://www.mplx.com/Investors/Events-and-Presentations/,https://www.mplx.com/Investors/Events-and-Presentations/,200,calendar-page,calendar/results keywords present,0,0,0,,keep-current
60811,MSU Energy,Mati Ossandon,https://msuenergy.com/informacion-relevante/,https://msuenergy.com/informacion-relevante/,200,ir-page-no-calendar,IR content but no calendar keywords,2,0,0,,use-rss
60842,MVM Energetika,Muhammad Azrul Mokhtar,https://mvm.hu/en/Befektetoknek/Esemenynaptar,https://mvm.hu/en/Befektetoknek/Esemenynaptar,200,calendar-page,calendar/results keywords present,0,0,0,,keep-current
62284,Ma'aden,Mateshvaran Prabakaran,https://www.maaden.com/investor-relations?category=financial-calendar,https://www.maaden.com/investor-relations?category=financial-calendar,200,calendar-page,calendar/results keywords present,0,0,0,,keep-current
3028,Magnera (Glatfelter),Lucas Mateluna,https://ir.magnera.com/news-events/events-presentations,,0,fetch-error,timeout,0,0,0,0000041719,use-sec
1145,Majid Al Futtaim,Muhammad Danish Noramri,https://www.majidalfuttaim.com/en/investor-relations,https://www.majidalfuttaim.com/en/investor-relations,0,fetch-error,"TimeoutError: Page.goto: Timeout 20000ms exceeded.
Call log:
navigating to ""https://www.majida",0,0,0,,replace-url
3288,Manuchar,Peter Megarity,https://www.manuchar.com/worldwide/en/bondholder/bondholders?check_logged_in=1,https://www.manuchar.com/worldwide/en/bondholder/bondholders?check_logged_in=1,403,non-ir-page,no IR/calendar signals,0,0,0,,replace-url
60492,Mapletree Treasury Services,Preveena Nantha Kumar,https://investor.mapletreeindustrialtrust.com/newsroom.html,https://investor.mapletreeindustrialtrust.com/newsroom.html,202,ir-page-no-calendar,IR content but no calendar keywords,0,0,0,,find-calendar-subpage
60513,Marriott International,Bastián Miranda Olivares,https://marriott.gcs-web.com/events-and-presentations,https://marriott.gcs-web.com/events-and-presentations,403,thin-body,only 238 chars of visible text,0,0,0,,js-render-required
60516,Marsh & McLennan,Lucas Mateluna,https://www.corporate.marsh.com/investors/events-presentations.html,https://www.marsh.com/en/corp/investors/events-and-presentations.html,200,calendar-page,calendar/results keywords present,0,0,0,,keep-current
2296,Martin Midstream Partners,Rafael Alamo,https://mmlp.com/investor-relations/events-and-presentations/default.aspx,https://mmlp.com/investor-relations/events-and-presentations/default.aspx,200,calendar-page,calendar/results keywords present,0,0,0,0001176334,use-sec
55569,Masdar,Mateshvaran Prabakaran,https://masdar.ae/en/thought-leader-reports/all-reports,https://masdar.ae/en/thought-leader-reports/all-reports,200,ir-page-no-calendar,IR content but no calendar keywords,0,0,0,,find-calendar-subpage
60524,Mashreq Bank,Muhammad Danish Noramri,https://www.mashreq.com/en/uae/about-us/investor-relations/financial-information/financial-calendar/,https://www.mashreq.com/en/uae/about-us/investor-relations/financial-information/financial-calendar/,200,calendar-page,calendar/results keywords present,0,0,0,,keep-current
39133,Masorange,Neil McShane,https://masorange.es/en/investors/economic-financial-information/periodic-public-information/,https://masorange.es/en/investors/economic-financial-information/periodic-public-information/,200,ir-page-no-calendar,IR content but no calendar keywords,0,0,0,,find-calendar-subpage
60527,Mass Mutual,Mati Ossandon,https://www.massmutual.com/about-us/news-and-press-releases,https://www.massmutual.com/about-us/news-and-press-releases,0,fetch-error,"TimeoutError: Page.goto: Timeout 20000ms exceeded.
Call log:
navigating to ""https://www.massmu",0,0,0,,replace-url
52361,MasterBrand,Clemente Masferrer,https://masterbrand.com/investors/events-and-presentations/default.aspx,https://masterbrand.com/investors/events-and-presentations/default.aspx,200,ir-page-no-calendar,IR content but no calendar keywords,0,0,0,0001941365,use-sec
60531,Mastercard,Cata Rifo,https://investor.mastercard.com/events-and-presentations/events/default.aspx,https://investor.mastercard.com/events-and-presentations/events/default.aspx,200,calendar-page,calendar/results keywords present,0,0,0,0001141391,use-sec
788,Matalan,Daire Vint,https://www.matalan.co.uk/c/corporate/,https://www.matalan.co.uk/c/corporate/,200,non-ir-page,no IR/calendar signals,0,0,0,,replace-url
2223,Mativ,Bastián Miranda Olivares,https://ir.mativ.com/presentations-events/default.aspx,,0,fetch-error,timeout,0,0,0,0001000623,use-sec
60547,Maxam,Joss Smyth,https://investors.maxamprill.com/en/downloads,https://investors.maxamprill.com/en/downloads,200,cookie-wall,cookie markers + short body (395 chars),0,0,0,,handle-cookies
1178,Maxeda,Michael Clark,https://www.maxedadiygroup.com/investors/financial-information/,https://www.maxedadiygroup.com/login/?u=21a8ea75454b8b3778fd7ffba85d5803,200,non-ir-page,no IR/calendar signals,0,0,0,,replace-url
1279,Maxima Grupe,Mateshvaran Prabakaran,https://www.maximagrupe.eu/results/,https://www.maximagrupe.eu/results/,200,non-ir-page,no IR/calendar signals,0,0,0,,replace-url
60550,Maybank Singapore,Muhammad Azrul Mokhtar,https://www.maybank.com/en/investor-relations.page,https://www.maybank.com/en/investor-relations.page,200,ir-page-no-calendar,IR content but no calendar keywords,0,0,0,,find-calendar-subpage
60564,McDonald's,Clemente Masferrer,https://corporate.mcdonalds.com/corpmcd/investors/events-and-presentations.html,https://corporate.mcdonalds.com/corpmcd/investors/events-and-presentations.html,0,fetch-error,"TimeoutError: Page.goto: Timeout 20000ms exceeded.
Call log:
navigating to ""https://corporate.",0,0,0,,replace-url
1004,Medical Properties Trust,Mati Ossandon,https://investor.mpt.com/webcasts-presentations/default.aspx,https://investor.mpt.com/webcasts-presentations/default.aspx,200,ir-page-no-calendar,IR content but no calendar keywords,0,0,0,0001287865,use-sec
1378,Mehilainen,Daire Vint,https://www.mehilainen.fi/en/press-release,https://www.mehilainen.fi/en/press-release,429,non-ir-page,no IR/calendar signals,0,0,0,,replace-url
60604,Meituan,Jack Liew,https://www.meituan.com/investor-relations,https://www.meituan.com/investor-relations,200,ir-page-no-calendar,IR content but no calendar keywords,0,0,0,,find-calendar-subpage
2257,Melco Resorts & Entertainment,Danny Bin Khairul Nizam,https://ir.melco-resorts.com/press-releases,,0,fetch-error,timeout,0,0,0,0001381640,use-sec
60620,Mercado Libre,Rodrigo Maass,https://investor.mercadolibre.com/news-and-events,https://investor.mercadolibre.com/news-and-events,200,calendar-page,calendar/results keywords present,0,0,1,,use-jsonld
60622,Mercedes-Benz,Michael Clark,https://group.mercedes-benz.com/investors/events/,https://group.mercedes-benz.com/investors/events/,200,calendar-page,calendar/results keywords present,0,0,0,,keep-current
2256,Mercer International,Gisela Pollanco,https://mercerint.com/investors/events-calendar/ https://mercerint.com/investors/news-releases-presentations/,https://mercerint.com/investors/events-calendar/%20https:/mercerint.com/investors/news-releases-presentations/,404,http-404,not found,1,0,0,0001333274,use-sec
60625,Merck & Co,Arturo Miquel,https://www.merck.com/investor-relations/events-and-presentations/,https://www.merck.com/investor-relations/events-and-presentations/,403,http-4xx,status 403,0,0,0,0000310158,use-sec
60626,Merck KGaA,Christina Rankin,https://www.merckgroup.com/en/investors/events-and-presentations.html,https://www.merckgroup.com/en/investors/events-and-presentations.html,0,fetch-error,"TimeoutError: Page.goto: Timeout 20000ms exceeded.
Call log:
navigating to ""https://www.merckg",0,0,0,,replace-url
790,Merlin Entertainments,Ross Murray,https://www.merlinentertainments.biz/investor-relations/information-for-debtholders/,https://www.merlinentertainments.biz/access-disclaimer/,200,ir-page-no-calendar,IR content but no calendar keywords,0,0,0,,find-calendar-subpage
60641,MetLife,Ignacio Zamorano,https://investor.metlife.com/news/news-details/2026/MetLife-to-Hold-Combined-Earnings-and-Outlook-Conference-Call/default.aspx,https://investor.metlife.com/news/news-details/2026/MetLife-to-Hold-Combined-Earnings-and-Outlook-Conference-Call/default.aspx,200,ir-page-no-calendar,IR content but no calendar keywords,0,0,0,0001099219,use-sec
59965,Meta,Vicente Sánchez,https://investor.atmeta.com/home/default.aspx,https://investor.atmeta.com/home/default.aspx,200,calendar-page,calendar/results keywords present,0,0,0,,keep-current
60645,Metalsa,Matias Fauré,https://investors.metalsa.com/news?year=2025,https://investors.metalsa.com/news?year=2025,0,fetch-error,Error: Page.goto: net::ERR_EMPTY_RESPONSE at https://investors.metalsa.com/news?year=20,0,0,0,,replace-url
60651,Metro de Santiago,Cata Rifo,https://www.metro.cl/gobierno-corporativo/inversionistas/en,https://www.metro.cl/gobierno-corporativo/inversionistas/en,200,non-ir-page,no IR/calendar signals,0,0,0,,replace-url
1193,Miller Homes,Michael Clark,https://www.millerhomes.co.uk/corporate/financials/financial-calendar,https://www.millerhomes.co.uk/corporate/financials/financial-calendar,200,calendar-page,calendar/results keywords present,0,0,0,,keep-current
60709,Minerva,Martina Pino,https://ri.minervafoods.com/en/calendar-of-events/,https://ri.minervafoods.com/en/calendar-of-events/,200,calendar-page,calendar/results keywords present,0,0,1,,use-jsonld
60715,Minsur,Mati Ossandon,https://www.minsur.com/inversiones-reportes/reportes?idioma=en,https://www.minsur.com/inversiones-reportes/reportes?idioma=en,200,non-ir-page,no IR/calendar signals,0,0,0,,replace-url
60717,Mirae Asset Securities,Muhammad Azrul Mokhtar,https://english.securities.miraeasset.com/,https://english.securities.miraeasset.com/,0,fetch-error,Error: Page.goto: net::ERR_EMPTY_RESPONSE at https://english.securities.miraeasset.com/,0,0,0,,replace-url
2795,Mobico,Neil McShane,https://www.mobicogroup.com/investors/financial-calendar/upcoming/,https://www.mobicogroup.com/investors/financial-calendar/upcoming/,200,calendar-page,calendar/results keywords present,0,0,0,,keep-current
2655,ModivCare,Clemente Masferrer,https://www.modivcare.com/events/,https://www.modivcare.com/events/,200,non-ir-page,no IR/calendar signals,2,0,1,,use-jsonld
589,Modulaire Group,Christina Rankin,https://www.modulairegroup.com/investors/login,https://www.modulairegroup.com/investors/login,200,ir-page-no-calendar,IR content but no calendar keywords,1,0,0,,use-rss
2238,Mohegan Gaming & Entertainment,Clemente Masferrer,https://mohegangaming.com/financial-information/,https://mohegangaming.com/financial-updates/,200,non-ir-page,no IR/calendar signals,2,0,0,,use-rss
2242,Molina Healthcare,Matias Fauré,https://investors.molinahealthcare.com/stock-information/investment-calculator,,0,fetch-error,timeout,0,0,0,0001179929,use-sec
60789,Morgan Stanley,Mati Ossandon,https://www.businesswire.com/news/home/20250911281051/en/Morgan-Stanley-Schedules-2026-Quarterly-Investor-Conference-Calls,https://www.businesswire.com/news/home/20250911281051/en/Morgan-Stanley-Schedules-2026-Quarterly-Investor-Conference-Calls,403,http-4xx,status 403,0,0,0,0000895421,use-sec
2943,Morrisons,Bryan McManus,https://www.morrisons-corporate.com/financial-archive/investor-contacts/,https://www.morrisons-corporate.com/financial-archive/investor-contacts/,200,ir-page-no-calendar,IR content but no calendar keywords,0,0,0,,find-calendar-subpage
60799,Motability,Joss Smyth,https://www.motabilityfoundation.org.uk/about-us/annual-reports-and-accounts/,https://www.motabilityfoundation.org.uk/about-us/annual-reports-and-accounts,200,non-ir-page,no IR/calendar signals,0,0,0,,replace-url
1343,Motor Fuel Group,Daire Vint,https://www.motorfuelgroup.com/reports-publications/,https://www.motorfuelgroup.com/reports-publications/,200,ir-page-no-calendar,IR content but no calendar keywords,1,0,0,,use-rss
1013,Motor Oil,Zoë Miller,https://www.moh.gr/investor-relations/regulatory-information-parent/stock-exchange-announcements/,https://www.moh.gr/investor-relations/regulatory-information-parent/stock-exchange-announcements/,200,calendar-page,calendar/results keywords present,0,0,0,,keep-current
60803,Movida,Clemente Masferrer,https://ri.movida.com.br/en/investor-services/calendar-of-events/,https://ri.movida.com.br/en/investor-services/calendar-of-events/,200,calendar-page,calendar/results keywords present,0,0,1,,use-jsonld
3033,Multiversity,Ross Murray,https://multiversity.it/,https://multiversity.it/,200,non-ir-page,no IR/calendar signals,0,0,0,,replace-url
64274,Murano Global Investments,Arturo Miquel,https://www.muranoinvestors.com/en/investors/events/,https://www.muranoinvestors.com/en/investors/events/,200,ir-page-no-calendar,IR content but no calendar keywords,0,0,0,0001988776,use-sec
60839,Muthoot Finance,Umairah Huda Binti Mohamad Asri,https://www.muthootfinance.com/investor-presentation,https://www.muthootfinance.com/investor-presentation,200,ir-page-no-calendar,IR content but no calendar keywords,1,0,0,,use-rss
64484,NCB Financial Group Limited,Agustin Maza,https://www.myncb.com/Investor-Relations/Reports/Quarterly-Reports,https://www.ncbfinancialgrouplimited.com/,200,redirected-to-home,redirected to homepage,0,0,0,,replace-url
2194,NCR Voyix (NCR Corporation),Maria Luisa Torres,https://investor.ncrvoyix.com/events-and-presentations/events,,0,fetch-error,timeout,0,0,0,0000070866,use-sec
60964,NEPI Rockcastle,Mateshvaran Prabakaran,https://nepirockcastle.com/investors/financial-calendar/,https://nepirockcastle.com/investors/financial-calendar/,200,calendar-page,calendar/results keywords present,2,0,0,,use-rss
2065,NGL Energy,Oscar Carrasco,https://investors.nglenergypartners.com/press-releases,https://investors.nglenergypartners.com/press-releases,200,ir-page-no-calendar,IR content but no calendar keywords,0,0,0,,find-calendar-subpage
2074,NRG Energy,Matias Fauré,https://investors.nrg.com/nrg-presentations-and-webcasts,,0,fetch-error,timeout,0,0,0,0001013871,use-sec
61187,NVIDIA,Matias Fauré,https://nvidianews.nvidia.com/news/nvidia-announces-financial-results-for-fourth-quarter-and-fiscal-2026,https://nvidianews.nvidia.com/news/nvidia-announces-financial-results-for-fourth-quarter-and-fiscal-2026,200,thin-body,only 233 chars of visible text,1,0,0,0001045810,use-sec
2219,Nabors Industries,Tomas Pugin,https://investor.nabors.com/news,https://investor.nabors.com/news,200,ir-page-no-calendar,IR content but no calendar keywords,1,0,0,0001163739,use-sec
60857,Nama Electricity Distribution Company,Liviyan Raj Kovindasamy,https://www.distribution.nama.om/financial-calendar,https://www.distribution.nama.om/financial-calendar,200,calendar-page,calendar/results keywords present,0,0,0,,keep-current
60944,National Bank of Canada,Agustin Maza,https://www.nbc.ca/about-us/investors.html,https://www.nbc.ca/about-us/investors.html,200,calendar-page,calendar/results keywords present,0,0,0,,keep-current
60911,National Grid,Bryan McManus,https://www.nationalgrid.com/investors/events/event-calendar,https://www.nationalgrid.com/investors/events/event-calendar,200,calendar-page,calendar/results keywords present,0,0,0,0001004315,use-sec
60894,National Rural Utilities Cooperative Finance,Agustin Maza,https://www.nrucfc.coop/content/nrucfc/en/investor-relations/events-presentations.html,https://www.nrucfc.coop/content/nrucfc/en/investor-relations/events-presentations.html,200,ir-page-no-calendar,IR content but no calendar keywords,0,0,0,,find-calendar-subpage
60927,Nationwide Building Society,Mark Joseph,https://www.nationwide.co.uk/investor-relations/,https://www.nationwide.co.uk/investor-relations/,200,calendar-page,calendar/results keywords present,0,0,0,,keep-current
60932,Natura Cosmeticos,Gisela Pollanco,https://ri.natura.com.br/en/investor-information/events-calendar/,https://ri.natura.com.br/en/investor-information/events-calendar/,200,calendar-page,calendar/results keywords present,0,0,1,,use-jsonld
60936,Natwest,Liviyan Raj Kovindasamy,https://investors.natwestgroup.com/results-centre,https://investors.natwestgroup.com/results-centre,200,calendar-page,calendar/results keywords present,0,0,0,0000844150,use-sec
60937,Naver Corporation,Muhammad Azrul Mokhtar,https://www.navercorp.com/investment/earnings,https://www.navercorp.com/investment/earnings,0,fetch-error,Error: Page.goto: net::ERR_EMPTY_RESPONSE at https://www.navercorp.com/investment/earni,0,0,0,,replace-url
1650,Navient,Mati Ossandon,https://www.navient.com/investors/events-and-presentations/,https://www.navient.com/investors/events-and-presentations/,200,calendar-page,calendar/results keywords present,0,0,0,0001593538,use-sec
999,Nemak,Ignacio Zamorano,https://investors.nemak.com/noticias/comunicados_prensa,https://investors.nemak.com/noticias/comunicados_prensa,200,calendar-page,calendar/results keywords present,0,0,0,,keep-current
5349,Neopharmed Gentili,Neil McShane,https://neogen.it/it/investor-relations/comunicati-stampa/,https://neogen.it/it/investor-relations/comunicati-stampa/,200,ir-page-no-calendar,IR content but no calendar keywords,1,0,0,,use-rss
60973,Nestle,Peter Megarity,https://www.nestle.com/investors/events,https://www.nestle.com/investors/events,200,calendar-page,calendar/results keywords present,0,0,0,,keep-current
68476,New Development Bank,Shi Man Fong,https://www.ndb.int/news-events/,https://www.ndb.int/news-events/,200,non-ir-page,no IR/calendar signals,2,0,1,,use-jsonld
2378,New Fortress Energy,Mati Ossandon,https://ir.newfortressenergy.com/events-and-presentations,,0,fetch-error,timeout,0,0,0,0001749723,use-sec
57074,New Immo Holdings,Joss Smyth,https://www.newimmoholding.com/en/press-releases-news,https://www.newimmoholding.com/en/press-releases-news,200,calendar-page,calendar/results keywords present,0,0,0,,keep-current
60993,New Mexico City International Airport,Martina Pino,https://www.aicm.com.mx/en,https://www.aicm.com.mx/en-aicm-se-invierten-7-mil-millones-de-pesos-en-mantenimiento-y-rehabilitacion-de-sus-espacios/04-10-2022,200,non-ir-page,no IR/calendar signals,1,0,0,,use-rss
60999,New York Life Insurance,Cata Rifo,https://www.newyorklife.com/about/financial-information,https://www.newyorklife.com/about/financial-information,403,thin-body,only 240 chars of visible text,0,0,0,,js-render-required
2188,Newell Brands,Gisela Pollanco,https://ir.newellbrands.com/events-and-presentations,,0,fetch-error,timeout,0,0,0,0000814453,use-sec
61018,Nexa Resources,Ibrahim Dughman,https://ri.nexaresources.com/investor-services/calendar-events/,https://ri.nexaresources.com/investor-services/calendar-events/,200,ir-page-no-calendar,IR content but no calendar keywords,0,0,1,0001713930,use-sec
803,Nexans,Michael Clark,https://www.nexans.com/finance/agenda/,https://www.nexans.com/finance/agenda/,200,non-ir-page,no IR/calendar signals,1,0,1,,use-jsonld
1278,Nexi (Payments),Joss Smyth,https://www.nexigroup.com/content/dam/corp/downloads/investors/financial-press-releases/2026/2026-01-21-pr-cs-2026-financial-calendar-calendario-finanziario.pdf,https://www.nexigroup.com/content/dam/corp/downloads/investors/financial-press-releases/2026/2026-01-21-pr-cs-2026-financial-calendar-calendario-finanziario.pdf,0,fetch-error,Error: Page.goto: net::ERR_ABORTED at https://www.nexigroup.com/content/dam/corp/downlo,0,0,0,,replace-url
1963,Nexstar Media Group,Rodrigo Maass,https://www.nexstar.tv/events-and-presentations/,https://www.nexstar.tv/events-and-presentations/,200,calendar-page,calendar/results keywords present,1,0,1,0001142417,use-sec
61065,NiSource,Martina Pino,https://investors.nisource.com/events-and-presentations/default.aspx,https://investors.nisource.com/events-and-presentations/default.aspx,200,calendar-page,calendar/results keywords present,0,0,0,0001111711,use-sec
54772,Nimlas,Zoë Miller,https://www.nimlasgroup.com/reports-presentations,https://www.nimlasgroup.com/reports-presentations,200,non-ir-page,no IR/calendar signals,0,0,0,,replace-url
2066,Nine Energy Service,Anais Ruz,https://investor.nineenergyservice.com/press-releases/2026,https://investor.nineenergyservice.com/press-releases/2026,200,ir-page-no-calendar,IR content but no calendar keywords,1,0,0,0001532286,use-sec
1018,Nomad Foods,Bryan McManus,https://www.nomadfoods.com/investors/quarterly-results/?filterargs=ZmlsdGVyYXJnc1tvcmRlcl09ZGVzYyZmaWx0ZXJhcmdzW2Rvd25sb2FkYWJsZV9idWNrZXRfaWRzXT0xNTcmZmlsdGVyYXJnc1twYWdlXT0xJg==,https://www.nomadfoods.com/investors/quarterly-results/?filterargs=ZmlsdGVyYXJnc1tvcmRlcl09ZGVzYyZmaWx0ZXJhcmdzW2Rvd25sb2FkYWJsZV9idWNrZXRfaWRzXT0xNTcmZmlsdGVyYXJnc1twYWdlXT0xJg==,200,ir-page-no-calendar,IR content but no calendar keywords,2,0,0,0001651717,use-sec
61084,Norddeutsche Landesbank,Mark Joseph,https://www.bremer-landesbank.de/,https://www.bremer-landesbank.de/,502,non-ir-page,no IR/calendar signals,0,0,0,,replace-url
61085,Nordea Bank,Ummu Aiman binti Mohd Thani,https://www.nordea.com/en/investors/financial-calendar,https://www.nordea.com/en/investors/financial-calendar,200,ir-page-no-calendar,IR content but no calendar keywords,1,0,0,,use-rss
61035,Nordic Investment Bank,Preveena Nantha Kumar,https://www.nib.int/calendar,https://www.nib.int/calendar,200,non-ir-page,no IR/calendar signals,1,0,0,,use-rss
2729,Northern Oil & Gas,Ibrahim Dughman,https://noginc.com/investor-relations/investor-news/default.aspx,https://noginc.com/investor-relations/investor-news/default.aspx,200,ir-page-no-calendar,IR content but no calendar keywords,0,0,0,0001104485,use-sec
61126,Northwestern Mutual,Maria Luisa Torres,https://www.northwesternmutual.com/investor-relations/,https://www.northwesternmutual.com/investor-relations/,200,ir-page-no-calendar,IR content but no calendar keywords,0,0,0,,find-calendar-subpage
61138,Novartis Finance,Christina Rankin,https://www.novartis.com/investors/event-calendar,https://www.novartis.com/investors/event-calendar,200,calendar-page,calendar/results keywords present,0,0,1,,use-jsonld
1816,Novelis,Agustin Maza,https://investors.novelis.com/news-events/ir-calendar,https://investors.novelis.com/news-events/ir-calendar,200,calendar-page,calendar/results keywords present,1,0,0,,use-rss
61142,Novo Nordisk,Peter Megarity,https://www.novonordisk.com/investors/financial-results.html,https://www.novonordisk.com/investors/financial-results.html,200,calendar-page,calendar/results keywords present,0,0,0,0000353278,use-sec
984,O-I Glass,Vicente Sánchez,https://investors.o-i.com/events-and-presentations/default.aspx,https://investors.o-i.com/events-and-presentations/default.aspx,200,ir-page-no-calendar,IR content but no calendar keywords,0,0,0,,find-calendar-subpage
61361,OCBC,Sharusree Nandakumar,https://www.ocbc.com/group/investors/financials.page?,https://www.ocbc.com/group/investors/financials.page?,200,calendar-page,calendar/results keywords present,0,0,0,,keep-current
1230,OCI,Daire Vint,https://oci-global.com/shareholder-center/financial-calendar/,https://oci-global.com/shareholder-center/financial-calendar/,200,calendar-page,calendar/results keywords present,2,0,0,,use-rss
61230,OCP Group,Kartigeiswary Deva Kumar,https://www.ocpgroup.ma/en/investors/financial-results,https://www.ocpgroup.ma/en/investors/financial-results,403,ir-page-no-calendar,IR content but no calendar keywords,0,0,0,,find-calendar-subpage
53123,OEG Energy Group,Bryan McManus,https://investors.oeg.group/,https://investors.oeg.group/,200,ir-page-no-calendar,IR content but no calendar keywords,0,0,0,,find-calendar-subpage
61350,OTP Bank,Kartigeiswary Deva Kumar,https://www.otpbank.hu/portal/hu/ir-penzugyi-naptar,https://www.otpbank.hu/portal/hu/ir-penzugyi-naptar,200,non-ir-page,no IR/calendar signals,0,0,0,,replace-url
61352,OTP Mortgage Bank,Mark Joseph,https://www.otpbank.hu/portal/hu/ir/kozlemenyek/2026,https://www.otpbank.hu/portal/hu/ir/kozlemenyek/2026,200,ir-page-no-calendar,IR content but no calendar keywords,0,0,0,,find-calendar-subpage
1729,OVH,Joss Smyth,https://corporate.ovhcloud.com/asia/investor-relations/financial-results/,https://corporate.ovhcloud.com/asia/investor-relations/financial-results/,200,calendar-page,calendar/results keywords present,0,0,0,,keep-current
1169,Ocado,Bryan McManus,https://www.ocadogroup.com/investors/financial-calendar,https://www.ocadogroup.com/investors/shareholder-centre/financial-calendar,200,calendar-page,calendar/results keywords present,0,0,0,,keep-current
2992,Odido Netherlands (T-Mobile Netherlands),Michael Clark,https://www.odido.nl/investors/login-2/,https://www.odido.nl/investors/login-2/,200,ir-page-no-calendar,IR content but no calendar keywords,0,0,0,,find-calendar-subpage
5854,Office Properties Income Trust,Ibrahim Dughman,https://www.opireit.com/investors/events-and-presentations/default.aspx,https://www.opireit.com/investors/events-and-presentations/default.aspx,200,calendar-page,calendar/results keywords present,0,0,0,0001456772,use-sec
64786,Oi S.A.,Matias Fauré,https://ri.oi.com.br/en/investor-information/events-calendar/,https://ri.oi.com.br/en/investor-information/events-calendar/,200,ir-page-no-calendar,IR content but no calendar keywords,1,0,1,,use-jsonld
2095,Olin Corporation,Martina Pino,https://olin.com/investors/events-presentations/,https://olin.com/investors/events-presentations/,200,calendar-page,calendar/results keywords present,3,0,1,0000074303,use-sec
61284,Oncor,Tomas Pugin,https://www.oncor.com/content/oncorwww/us/en/home/investors.html,https://www.oncor.com/content/oncorwww/us/en/home/investors.html,0,fetch-error,"TimeoutError: Page.goto: Timeout 20000ms exceeded.
Call log:
navigating to ""https://www.oncor.",0,0,0,,replace-url
61289,Oneok Partners,Anais Ruz,https://ir.oneok.com/financial-information/financial-reports/2026,https://ir.oneok.com/financial-information/financial-reports/2026,200,ir-page-no-calendar,IR content but no calendar keywords,0,1,0,,use-ical
2093,Onity Group,Cata Rifo,https://shareholders.onitygroup.com/events-and-presentations,,0,fetch-error,timeout,0,0,0,0000873860,use-sec
52668,Opella,Peter Megarity,https://www.opella.com/en/investors,https://www.opella.com/en/investors,200,calendar-page,calendar/results keywords present,0,0,0,,keep-current
1216,Optimum Communications,Arturo Miquel,https://investors.alticeusa.com/,,0,fetch-error,timeout,0,0,0,0001702780,use-sec
3039,Option Care Health,Martina Pino,https://investors.optioncarehealth.com/events-and-presentations/upcoming-events,,0,fetch-error,timeout,0,0,0,0001014739,use-sec
61310,Oracle Corporation,Arturo Miquel,https://investor.oracle.com/home/default.aspx,https://investor.oracle.com/home/default.aspx,200,ir-page-no-calendar,IR content but no calendar keywords,0,0,0,0001341439,use-sec
2852,Organon,Agustin Maza,https://www.organon.com/investor-relations/events-and-presentations/,https://www.organon.com/investor-relations/events-and-presentations/,200,calendar-page,calendar/results keywords present,0,0,1,,use-jsonld
2102,Outfront Media,Clemente Masferrer,https://investor.outfront.com/events-and-presentations/default.aspx,https://investor.outfront.com/events-and-presentations/default.aspx,200,ir-page-no-calendar,IR content but no calendar keywords,0,0,0,0001579877,use-sec
61374,P3 Logistic Parks,Muhammad Azib Bin Ahmad,https://www.p3parks.com/investors/financial-news,https://www.p3parks.com/investors/financial-news,200,calendar-page,calendar/results keywords present,0,0,0,,keep-current
2725,PEMEX,Clemente Masferrer,https://www.pemex.com/en/investors/financial-information/financial-calendar/Paginas/default.aspx,https://www.pemex.com/en/investors/financial-information/financial-calendar/Paginas/default.aspx,502,ir-page-no-calendar,IR content but no calendar keywords,0,0,0,,find-calendar-subpage
1092,PKN Orlen,Muhammad Armand,https://www.orlen.pl/en/investor-relations/presentations/financial-presentations,https://www.orlen.pl/en/investor-relations/presentations/financial-presentations,200,calendar-page,calendar/results keywords present,0,0,0,,keep-current
61594,PKO Bank Polski,Danny Bin Khairul Nizam,https://www.pkobp.pl/en/investor-relations/calendar?srsltid=AfmBOopSmOLUx8nlUdlij9PReFE9p41p4t8I6GosCSMe02bzpR7vrFC7,https://www.pkobp.pl/en/investor-relations/calendar?srsltid=AfmBOopSmOLUx8nlUdlij9PReFE9p41p4t8I6GosCSMe02bzpR7vrFC7,200,ir-page-no-calendar,IR content but no calendar keywords,0,0,0,,find-calendar-subpage
61644,POSCO,Mark Joseph,https://www.posco.co.kr/homepage/docs/eng7/jsp/ir/s91b6000010l.jsp,,0,fetch-error,timeout,0,0,0,0000889132,use-sec
2550,PRA Group,Vicente Sánchez,https://ir.pragroup.com/events-and-presentations,,0,fetch-error,timeout,0,0,0,0001185348,use-sec
2137,PTC,Ibrahim Dughman,https://www.pelindo.co.id/investor/laporan-tahunan,,0,fetch-error,timeout,0,0,0,0000857005,use-sec
61807,PTT Global Chemical,Liviyan Raj Kovindasamy,https://www.pttgcgroup.com/en/investor-relations/calendar/upcoming,https://www.pttgcgroup.com/en/investor-relations/calendar/upcoming,200,calendar-page,calendar/results keywords present,0,0,0,,keep-current
61377,Paccar,Tomas Pugin,https://investors.paccar.com/events-and-presentations/default.aspx,,0,fetch-error,timeout,0,0,0,0000075362,use-sec
61388,PacifiCorp,Matias Fauré,https://www.pacificorp.com/about/financial-regulatory.html,https://www.pacificorp.com/about/financial-regulatory.html,200,ir-page-no-calendar,IR content but no calendar keywords,0,0,0,,find-calendar-subpage
2105,Pacific Gas & Electric,Bastián Miranda Olivares,https://investor.pgecorp.com/news-events/events-and-presentations/,https://investor.pgecorp.com/news-events/events-and-presentations/,200,calendar-page,calendar/results keywords present,0,0,0,,keep-current
61383,Pacific Life,Martin Cofre,https://www.pacificlife.com/home/about/investor-relations.html,https://www.pacificlife.com/home/about/investor-relations.html,200,ir-page-no-calendar,IR content but no calendar keywords,0,0,0,,find-calendar-subpage
61401,Pampa Energia,Martin Cofre,https://ri.pampa.com/servicios-para-inversores/calendario-de-eventos/,https://ri.pampa.com/servicios-para-inversores/calendario-de-eventos/,200,ir-page-no-calendar,IR content but no calendar keywords,0,0,1,,use-jsonld
826,Paprec,Neil McShane,https://paprec-finance.com/financial-documents,https://paprec-finance.com/index.php?option=com_secureaccess&view=secureaccess,200,non-ir-page,no IR/calendar signals,0,0,0,,replace-url
1659,Par Pacific,Arturo Miquel,https://www.parpacific.com/investors/news-events/events-presentations,https://www.parpacific.com/investors/news-events/events-presentations,200,calendar-page,calendar/results keywords present,0,0,0,0000821483,use-sec
66489,Paragon,Zoë Miller,https://global.paragon.world/investor-relations,https://global.paragon.world/investor-relations,200,calendar-page,calendar/results keywords present,0,0,0,,keep-current
2466,Paramount Skydance,Rafael Alamo,https://ir.paramount.com/events-webcasts-annual-meetings,,0,fetch-error,timeout,0,0,0,0002041610,use-sec
2490,Park Hotels & Resorts,Bastián Miranda Olivares,https://www.pkhotelsandresorts.com/investors/events-presentations,https://www.pkhotelsandresorts.com/investors/events-presentations,404,http-404,not found,1,1,0,0001617406,use-sec
2108,ParkOhio,Arturo Miquel,https://pkoh.com/investor-relations/news/events-presentations,https://pkoh.com/investor-relations/news/events-presentations,200,calendar-page,calendar/results keywords present,0,0,0,,keep-current
2989,Pasubio,Joss Smyth,https://www.pasubio.com/en/investors/,https://www.pasubio.com/en/investors/,200,calendar-page,calendar/results keywords present,0,0,0,,keep-current
2704,Patrick Industries,Maria Luisa Torres,https://ir.patrickind.com/investor-news-events/ir-calendar,https://ir.patrickind.com/investor-news-events/ir-calendar,200,calendar-page,calendar/results keywords present,1,0,0,0000076605,use-sec
53155,Pebblebrook Hotel,Gisela Pollanco,https://investor.pebblebrookhotels.com/events-and-presentations/event-details/2026/Q4-Earnings-Conference-Call/default.aspx,https://investor.pebblebrookhotels.com/events-and-presentations/event-details/2026/Q4-Earnings-Conference-Call/default.aspx,200,ir-page-no-calendar,IR content but no calendar keywords,0,0,0,,find-calendar-subpage
1989,PennyMac Financial Services,Arturo Miquel,https://pfsi.pennymac.com/news-events/Events/default.aspx,https://pfsi.pennymac.com/news-events/Events/default.aspx,200,calendar-page,calendar/results keywords present,0,0,0,0001745916,use-sec
61479,PepsiCo,Clemente Masferrer,https://www.pepsico.com/investors/events-presentations,https://www.pepsico.com/investors/events-presentations,200,calendar-page,calendar/results keywords present,0,0,0,0000077476,use-sec
8148,Perimeter Solutions,Ibrahim Dughman,https://ir.perimeter-solutions.com/news-events/presentations,https://ir.perimeter-solutions.com/news-events/presentations,200,calendar-page,calendar/results keywords present,1,0,0,0001880319,use-sec
61492,Pertamina,Shi Man Fong,https://www.pertamina.com/investor-relation-events,https://www.pertamina.com/investor-relation-events,0,fetch-error,Error: Page.goto: net::ERR_EMPTY_RESPONSE at https://www.pertamina.com/investor-relatio,0,0,0,,replace-url
61498,Perusahaan Listrik Negara,Kartigeiswary Deva Kumar,https://www.plnnusantarapower.co.id/investor,https://www.plnnusantarapower.co.id/investor,200,ir-page-no-calendar,IR content but no calendar keywords,0,0,0,,find-calendar-subpage
3832,Petco Health,Ibrahim Dughman,https://ir.petco.com/financial-information/quarterly-results,https://ir.petco.com/financial-information/quarterly-results,403,thin-body,only 243 chars of visible text,0,0,0,,js-render-required
61519,PetroPeru,Maria Luisa Torres,https://inversionistas.petroperu.com.pe/notas-de-prensa/,https://inversionistas.petroperu.com.pe/notas-de-prensa/,200,ir-page-no-calendar,IR content but no calendar keywords,1,0,0,,use-rss
61506,Petrobras,Vicente Sánchez,https://www.investidorpetrobras.com.br/en/presentations-reports-and-events/events/,https://www.investidorpetrobras.com.br/en/presentations-reports-and-events/events/,200,calendar-page,calendar/results keywords present,0,0,1,,use-jsonld
61515,Petroliam Nasional Berhad,Mark Joseph,https://www.petronas.com/media/reports?category=/media/reports&type=2,https://www.petronas.com/media/reports?category=/media/reports&type=2,200,non-ir-page,no IR/calendar signals,1,0,0,,use-rss
61529,Pfizer,Lucas Mateluna,https://investors.pfizer.com/Investors/Events--Presentations/default.aspx,https://investors.pfizer.com/Investors/Events--Presentations/default.aspx,404,http-404,not found,0,0,0,0000078003,use-sec
836,Pfleiderer,Neil McShane,https://www.pfleiderer.com/dach-en/company/investor-relations,https://www.pfleiderer.com/dach-en/company/investor-relations,200,ir-page-no-calendar,IR content but no calendar keywords,0,0,0,,find-calendar-subpage
54867,Philip Morris,Arturo Miquel,https://www.pmi.com/investor-relations/press-releases-and-events/all-upcoming-events/?offset=0&limit=6&dateFrom=2026-01-14T12:36:17,https://www.pmi.com/investor-relations/press-releases-and-events/all-upcoming-events?offset=0&limit=6&dateFrom=2026-01-14T12:36:17,200,calendar-page,calendar/results keywords present,0,0,0,,keep-current
61541,Phillips 66,Clemente Masferrer,https://investor.phillips66.com/events-and-presentations/,https://investor.phillips66.com/events-and-presentations/,200,ir-page-no-calendar,IR content but no calendar keywords,0,0,0,0001534701,use-sec
840,Picard,Zoë Miller,https://www.picard.fr/informations-financieres/,https://www.picard.fr/informations-financieres/,200,calendar-page,calendar/results keywords present,0,0,0,,keep-current
1206,Pinewood Studios,Joss Smyth,https://pinewoodgroup.com/pinewood-today/investors,https://pinewoodgroup.com/investors/,200,calendar-page,calendar/results keywords present,0,0,0,,keep-current
2120,Pitney Bowes,Cata Rifo,https://www.investorrelations.pitneybowes.com/events-and-presentations/upcoming-events,https://www.investorrelations.pitneybowes.com/events-and-presentations/upcoming-events,403,thin-body,only 269 chars of visible text,0,0,0,,js-render-required
61608,Pluspetrol,Arturo Miquel,https://www.pluspetrol.net/en/inversores,https://www.pluspetrol.net/en/inversores,200,ir-page-no-calendar,IR content but no calendar keywords,0,0,0,,find-calendar-subpage
61610,Pnc Funding Corp,Martin Cofre,https://investor.pnc.com/news-events/events-presentations,https://investor.pnc.com/news-events/events-presentations,200,calendar-page,calendar/results keywords present,1,0,0,,use-rss
1751,Polynt-Reichhold,Ross Murray,https://www.polynt.com/en/investors/,https://www.polynt.com/en/investors/,200,ir-page-no-calendar,IR content but no calendar keywords,0,0,0,,find-calendar-subpage
2128,Post Holdings,Mati Ossandon,https://www.postholdings.com/investors/investor-events/,https://www.postholdings.com/investors/investor-events/,200,ir-page-no-calendar,IR content but no calendar keywords,1,0,1,0001530950,use-sec
61656,Power Construction Corporation of China,Danny Bin Khairul Nizam,https://en.powerchina.cn/annualreport.html,https://en.powerchina.cn/annualreport.html,0,fetch-error,"TimeoutError: Page.goto: Timeout 20000ms exceeded.
Call log:
navigating to ""https://en.powerch",0,0,0,,replace-url
848,Preem,Ross Murray,https://www.preem.com/en/,https://www.preem.com/en/,200,non-ir-page,no IR/calendar signals,0,0,0,,replace-url
64282,Prelios,Joss Smyth,https://prelios.com/en/media/press-releases,https://prelios.com/en/media/press-releases,200,ir-page-no-calendar,IR content but no calendar keywords,1,0,0,,use-rss
61503,Prio,Martin Cofre,https://ri.prio3.com.br/en/servicos-aos-investidores/events-calendar-new/,https://ri.prio3.com.br/en/servicos-aos-investidores/events-calendar-new/,200,calendar-page,calendar/results keywords present,0,0,1,,use-jsonld
61371,Procter & Gamble Company,Matias Fauré,https://www.pginvestor.com/overview/default.aspx,https://www.pginvestor.com/overview/default.aspx,200,ir-page-no-calendar,IR content but no calendar keywords,0,0,0,0000080424,use-sec
1867,Profine,Ross Murray,https://www.profine-group.com/investor-relations/en/news/,https://www.profine-group.com/investor-relations/en/login/,200,ir-page-no-calendar,IR content but no calendar keywords,0,0,0,,find-calendar-subpage
852,Progroup,Joss Smyth,https://www.progroup.ag/newsroom,https://www.progroup.ag/newsroom,200,ir-page-no-calendar,IR content but no calendar keywords,0,0,0,,find-calendar-subpage
61728,Prologis,Maria Luisa Torres,https://ir.prologis.com/events-presentations,https://ir.prologis.com/news-events/events-presentations,200,non-ir-page,no IR/calendar signals,1,0,0,0001045609,use-sec
63183,Public Investment Fund,Muhammad Danish Noramri,https://www.pif.gov.sa/en/investors/,https://www.pif.gov.sa/en/investors/,200,ir-page-no-calendar,IR content but no calendar keywords,0,0,0,,find-calendar-subpage
854,Public Power Corporation,Ross Murray,https://www.ppcgroup.com/el/ependytikes-sxeseis/oikonomiko-imerologio/,https://www.ppcgroup.com/el/ependytikes-sxeseis/oikonomiko-imerologio/,200,non-ir-page,no IR/calendar signals,0,0,0,,replace-url
1157,Punch Pubs,Christina Rankin,https://www.punchpubs.com/bondholder-news-updates/,https://www.punchpubs.com/bondholder-news-updates/,200,non-ir-page,no IR/calendar signals,1,0,0,,use-rss
1217,Pure Gym,Zoë Miller,https://corporate.puregym.com/investor/financial-calendar/event-details/2026/Pinnacle-Bidco-plc-Q2-2026-results/default.aspx,https://corporate.puregym.com/investor/financial-calendar/event-details/2026/Pinnacle-Bidco-plc-Q2-2026-results/default.aspx,200,calendar-page,calendar/results keywords present,0,0,0,,keep-current
52398,Purmo Group,Zoë Miller,https://www.purmogroup.com/contact/financial-calendar/,https://www.purmogroup.com/contact/financial-calendar/,200,calendar-page,calendar/results keywords present,0,0,0,,keep-current
2152,Pyxus International,Rodrigo Maass,https://investors.pyxus.com/investors/events/default.aspx,https://investors.pyxus.com/investors/events/default.aspx,200,ir-page-no-calendar,IR content but no calendar keywords,0,0,0,0000939930,use-sec
1740,Q-Park,Joss Smyth,https://investor-relations.q-park.com/calendar,https://investor-relations.q-park.com/login,200,ir-page-no-calendar,IR content but no calendar keywords,0,0,0,,find-calendar-subpage
55317,QXO,Vicente Sánchez,https://investors.qxo.com/overview/default.aspx,https://investors.qxo.com/overview/default.aspx,200,ir-page-no-calendar,IR content but no calendar keywords,0,0,0,0001236275,use-sec
61836,Qatar Islamic Bank,Mark Joseph,https://www.qib.com.qa/en/investors/financial-information/reports-and-updates/financial-calendar,https://www.qib.com.qa/en/investors/financial-information/reports-and-updates/financial-calendar,200,calendar-page,calendar/results keywords present,0,0,0,,keep-current
61837,Qatar National Bank,Muhammad Armand,https://www.qnb.com/sites/qnb/qnbqatar/page/en/enfinancialcalender.html,https://www.qnb.com/sites/qnb/qnbqatar/page/en/enfinancialcalender.html,200,calendar-page,calendar/results keywords present,0,0,0,,keep-current
5716,Quest,Vicente Sánchez,https://questrmg.com/,https://questrmg.com/,200,non-ir-page,no IR/calendar signals,2,0,0,,use-rss
3379,QuidelOrtho,Tomas Pugin,https://ir.quidelortho.com/home/default.aspx,https://ir.quidelortho.com/home/default.aspx,200,calendar-page,calendar/results keywords present,0,0,0,0001906324,use-sec
2163,Qurate Retail Group,Vicente Sánchez,https://www.qurateretail.com/investors/news-events/ir-calendar,https://investors.qvcgrp.com/investors/news-events/ir-calendar,200,calendar-page,calendar/results keywords present,1,0,0,,use-rss
61941,RBC Bank,Anais Ruz,https://www.rbc.com/investor-relations/financial-information.html,https://www.rbc.com/investor-relations/financial-information.html,200,calendar-page,calendar/results keywords present,0,0,0,,keep-current
2924,RLJ Lodging Trust,Matias Fauré,https://investor.rljlodgingtrust.com/news-and-events/investor-calendar,,0,fetch-error,timeout,0,0,0,0001511337,use-sec
62171,RWE,Christina Rankin,https://www.rwe.com/en/investor-relations/financial-calendar-and-publications/?startDate=03.03.2026&endDate=03.03.2027,https://www.rwe.com/en/investor-relations/financial-calendar-and-publications/?startDate=03.03.2026&endDate=03.03.2027,200,calendar-page,calendar/results keywords present,0,0,7,,use-jsonld
61901,Rabobank,Sharusree Nandakumar,https://www.rabobank.com/about-us/investor-relations,https://www.rabobank.com/about-us/investor-relations,403,ir-page-no-calendar,IR content but no calendar keywords,0,0,0,,find-calendar-subpage
1977,Rackspace,Bastián Miranda Olivares,https://ir.rackspace.com/news-and-events/events-and-presentations,https://ir.rackspace.com/news-and-events/events-and-presentations,403,thin-body,only 246 chars of visible text,0,0,0,,js-render-required
3873,RadNet,Rodrigo Maass,https://www.radnet.com/about-radnet/news,https://www.radnet.com/about-radnet/news,200,ir-page-no-calendar,IR content but no calendar keywords,1,0,0,0000790526,use-sec
1141,Rain Carbon,Maria Luisa Torres,https://www.raincarbon.com/news/press-releases,https://www.raincarbon.com/news/press-releases,200,non-ir-page,no IR/calendar signals,0,0,0,,replace-url
2172,Rayonier Advanced Materials,Rafael Alamo,https://investors.ryam.com/events-and-presentations/default.aspx,https://investors.ryam.com/events-and-presentations/default.aspx,200,ir-page-no-calendar,IR content but no calendar keywords,0,0,0,0001597672,use-sec
1285,Recordati,Peter Megarity,https://recordati.com/investor-events/,https://recordati.com/investor-events/,200,calendar-page,calendar/results keywords present,2,0,1,,use-jsonld
61967,Rede D'Or Sao Luiz,Gisela Pollanco,https://www.rededorsaoluiz.com.br/,https://www.rededorsaoluiz.com.br/,200,non-ir-page,no IR/calendar signals,0,0,0,,replace-url
4199,Regal Rexnord,Bastián Miranda Olivares,https://investors.regalrexnord.com/investors/events-and-presentations/default.aspx,https://investors.regalrexnord.com/investors/events-and-presentations/default.aspx,200,calendar-page,calendar/results keywords present,0,0,0,0000082811,use-sec
62044,Reinsurance Group of America,Clemente Masferrer,https://investor.rgare.com/news-events/events,,0,fetch-error,timeout,0,0,0,0000898174,use-sec
785,Rekeep (Manutencoop),Daire Vint,https://www.rekeep.com/en/investors/financial-info/financial-calendar,https://www.rekeep.com/en/investors/financial-info/financial-calendar,200,calendar-page,calendar/results keywords present,0,0,0,,keep-current
862,Renault,Joss Smyth,https://www.renaultgroup.com/finance/agenda-et-contacts,https://www.renaultgroup.com/finance/agenda-et-contacts/,200,non-ir-page,no IR/calendar signals,0,0,0,,replace-url
3060,Reno De Medici,Peter Megarity,https://rdmgroup.com/investor-relations/press-releases/,https://rdmgroup.com/investor-relations/press-releases/,200,ir-page-no-calendar,IR content but no calendar keywords,1,0,0,,use-rss
1159,Repsol,Bryan McManus,https://www.repsol.com/en/shareholders-and-investors/financial-information/index.cshtml,https://www.repsol.com/en/shareholders-and-investors/financial-information/index.cshtml,200,ir-page-no-calendar,IR content but no calendar keywords,0,0,0,,find-calendar-subpage
1984,Resideo,Mati Ossandon,https://investor.resideo.com/events-and-presentations/default.aspx,https://investor.resideo.com/events-and-presentations/default.aspx,200,ir-page-no-calendar,IR content but no calendar keywords,0,0,0,,find-calendar-subpage
863,Rexel,Bryan McManus,https://www.rexel.com/en/investors-analysts/financial-results,https://www.rexel.com/en/investors-analysts/financial-results,200,ir-page-no-calendar,IR content but no calendar keywords,1,0,0,,use-rss
6844,RingCentral,Martin Cofre,https://ir.ringcentral.com/events-and-presentations/default.aspx,https://ir.ringcentral.com/events-and-presentations/default.aspx,200,calendar-page,calendar/results keywords present,0,0,0,0001384905,use-sec
52504,Rino Mastrotto,Neil McShane,https://www.rinomastrotto.com/en/investors/press-release/,https://www.rinomastrotto.com/en/investors/press-release/,200,ir-page-no-calendar,IR content but no calendar keywords,1,0,0,,use-rss
62066,Rio Tinto,Neil McShane,https://www.riotinto.com/en/invest/financial-calendar,,0,fetch-error,timeout,0,0,0,0000887028,use-sec
29090,Rithm Capital,Martin Cofre,https://ir.rithmcap.com/investors/events-and-presentations/default.aspx,https://ir.rithmcap.com/investors/events-and-presentations/default.aspx,200,ir-page-no-calendar,IR content but no calendar keywords,0,0,0,0001556593,use-sec
62077,Riyad Bank,Ummu Aiman binti Mohd Thani,https://www.riyadbank.com/investor-relations/home,https://www.riyadbank.com/investor-relations/home,0,fetch-error,"TimeoutError: Page.goto: Timeout 20000ms exceeded.
Call log:
navigating to ""https://www.riyadb",0,0,0,,replace-url
53470,Roche,Christina Rankin,https://www.roche.com/investors/events,https://www.roche.com/investors/events,200,calendar-page,calendar/results keywords present,0,0,0,,keep-current
2999,Rocket Companies,Gisela Pollanco,https://ir.rocketcompanies.com/home/default.aspx,https://ir.rocketcompanies.com/home/default.aspx,200,ir-page-no-calendar,IR content but no calendar keywords,0,0,0,0001805284,use-sec
62106,Rogers,Ibrahim Dughman,https://about.rogers.com/news-ideas/tag/financials/,https://about.rogers.com/news-ideas/tag/financials/,200,ir-page-no-calendar,IR content but no calendar keywords,1,0,0,0000084748,use-sec
62663,Romgaz,Kavithaasree Singaveloo,https://www.romgaz.ro/calendar-financiar,https://www.romgaz.ro/calendar-financiar,200,non-ir-page,no IR/calendar signals,1,0,0,,use-rss
2523,Royal Caribbean Group,Tomas Pugin,https://www.rclinvestor.com/press-releases/,https://www.rclinvestor.com/press-releases/,200,calendar-page,calendar/results keywords present,0,0,0,,keep-current
62159,Rumo,Ibrahim Dughman,https://ri.rumolog.com/sobre-a-rumo/perfil-corporativo/,https://ri.rumolog.com/sobre-a-rumo/perfil-corporativo/,404,non-ir-page,no IR/calendar signals,0,0,0,,replace-url
3127,Ryan Specialty Group,Martin Cofre,https://ir.ryanspecialty.com/ir-news-events/ir-calendar,https://ir.ryanspecialty.com/ir-news-events/ir-calendar,200,non-ir-page,no IR/calendar signals,1,0,0,0001849253,use-sec
2180,Ryman Hospitality Properties,Ibrahim Dughman,https://ir.rymanhp.com/,,0,fetch-error,timeout,0,0,0,0001040829,use-sec
62355,SEB Group,Muhammad Armand,https://sebgroup.com/investor-relations/reports-and-presentations/financial-calendar,https://sebgroup.com/investor-relations/reports-and-presentations/financial-calendar,200,calendar-page,calendar/results keywords present,0,0,0,,keep-current
1101,SEE (Sealed Air),Matias Fauré,https://ir.sealedair.com/,https://www.sealedair.com/,200,non-ir-page,no IR/calendar signals,1,0,0,,use-rss
3047,SIG plc,Ross Murray,https://www.sigplc.com/investors/financial-calendar,https://www.sigplc.com/investors/financial-calendar,200,calendar-page,calendar/results keywords present,0,0,0,,keep-current
890,SNF Floerger,Christina Rankin,https://www.snf.com/investors/,https://www.snf.com/investors/,200,ir-page-no-calendar,IR content but no calendar keywords,1,0,0,,use-rss
62789,SSE Energy Services,Michael Clark,https://www.sse.com/investors/financial-calendar/,https://www.sse.com/investors/financial-calendar/,200,calendar-page,calendar/results keywords present,0,0,0,,keep-current
62187,Sabesp,Gisela Pollanco,https://www.sabesp.com.br/,https://www.sabesp.com.br/,0,fetch-error,"TimeoutError: Page.goto: Timeout 20000ms exceeded.
Call log:
navigating to ""https://www.sabesp",0,0,0,,replace-url
2076,Sabre Corporation,Martin Cofre,https://investors.sabre.com/events-presentations,,0,fetch-error,timeout,0,0,0,0001597033,use-sec
62218,Saint-Gobain,Bryan McManus,https://www.saint-gobain.com/en/finance/financial-results,https://www.saint-gobain.com/en/finance/financial-results,403,non-ir-page,no IR/calendar signals,0,0,0,,replace-url
1015,Saipem,Daire Vint,https://www.saipem.com/en/investors/financial-calendar,https://www.saipem.com/en/investors/financial-calendar,200,calendar-page,calendar/results keywords present,0,0,0,,keep-current
62222,Salesforce,Matias Fauré,https://investor.salesforce.com/events-and-presentations/default.aspx,https://investor.salesforce.com/events-and-presentations/default.aspx,200,ir-page-no-calendar,IR content but no calendar keywords,0,0,0,0001108524,use-sec
2264,Sallie Mae,Bastián Miranda Olivares,https://www.salliemae.com/investors/webcasts-and-presentations/?,https://www.salliemae.com/investors/webcasts-and-presentations/?,200,calendar-page,calendar/results keywords present,0,0,0,,keep-current
62230,Samarco,Vicente Sánchez,https://www.samarco.com/?lang=en,https://www.samarco.com/?lang=en,200,non-ir-page,no IR/calendar signals,0,0,0,,replace-url
2638,Samhallsbyggnadsbolaget,Joss Smyth,https://corporate.sbbnorden.se/en/calendar/,https://www.sbbnorden.se/en/calendar/,200,calendar-page,calendar/results keywords present,0,0,0,,keep-current
68054,Sammaan Capital,Muhammad Armand,https://www.sammaancapital.com/financial-reports,https://www.sammaancapital.com/financial-reports,0,fetch-error,Error: Page.goto: net::ERR_EMPTY_RESPONSE at https://www.sammaancapital.com/financial-r,0,0,0,,replace-url
53221,Sammontana Italia,Peter Megarity,https://www.sammontanaitalia.com/en/investor-relations.html,https://www.sammontanaitalia.com/en/investor-relations.html,200,ir-page-no-calendar,IR content but no calendar keywords,0,0,0,,find-calendar-subpage
52919,Sanoma,Christina Rankin,https://www.sanoma.com/en/investors/investor-calendar-and-events/,https://www.sanoma.com/en/investors/investor-calendar-and-events/,200,calendar-page,calendar/results keywords present,0,0,0,,keep-current
62255,Santander,Joss Smyth,https://www.santander.com/en/shareholders-and-investors/financial-and-economic-information#relevant-information,https://www.santander.com/en/shareholders-and-investors/financial-and-economic-information#relevant-information,200,ir-page-no-calendar,IR content but no calendar keywords,0,0,0,,find-calendar-subpage
62260,Santander Holdings USA,Lucas Mateluna,https://www.santander.com/en/press-room/press-releases/2026/02/2025-santander-bank-earnings,https://www.santander.com/en/press-room/press-releases/2026/02/2025-santander-bank-earnings,200,calendar-page,calendar/results keywords present,0,0,1,0000811830,use-sec
62262,Santander UK,Muhammad Danish Noramri,https://www.santander.co.uk/about-santander/investor-relations/events-calendar,https://www.santander.co.uk/about-santander/investor-relations/events-calendar,200,ir-page-no-calendar,IR content but no calendar keywords,0,0,0,0001087711,use-sec
1001,Sappi,Joss Smyth,https://www.sappi.com/en-jp/investors/next-event,https://www.sappi.com/en-jp/investors/next-event,200,ir-page-no-calendar,IR content but no calendar keywords,0,0,0,,find-calendar-subpage
6435,Sasol,Muhammad Azib Bin Ahmad,https://www.sasol.com/investor-centre/investor-calendar,https://www.sasol.com/investor-centre/investor-calendar,200,calendar-page,calendar/results keywords present,0,0,0,0000314590,use-sec
52284,Saturn Oil & Gas,Martina Pino,https://saturnoil.com/event-details/,https://saturnoil.com/event-details/,403,http-4xx,status 403,1,0,0,,use-rss
62288,Saudi Electricity Company,Danny Bin Khairul Nizam,https://www.se.com.sa/en/Investors/Column1/Announcements/Financial-Calendar,https://www.se.com.sa/en/Investors/Column1/Announcements/Financial-Calendar,0,fetch-error,"TimeoutError: Page.goto: Timeout 20000ms exceeded.
Call log:
navigating to ""https://www.se.com",0,0,0,,replace-url
62289,Saudi National Bank,Preveena Nantha Kumar,https://www.alahli.com/en/pages/about-us/investor-relations/financial-calendar,https://www.alahli.com/en/pages/about-us/investor-relations/financial-calendar,200,calendar-page,calendar/results keywords present,0,0,0,,keep-current
62290,Saudi Real Estate Refinance Company,Preveena Nantha Kumar,https://srco.com.sa/en/corporate/financial-results,https://srco.com.sa/en/corporate/financial-results,502,non-ir-page,no IR/calendar signals,0,0,0,,replace-url
1545,Scan Global Logistics,Zoë Miller,https://www.scangl.com/investor/company-announcements/,https://www.scangl.com/investor/company-announcements/,200,calendar-page,calendar/results keywords present,0,0,0,,keep-current
874,Schaeffler,Peter Megarity,https://www.schaeffler.com/en/investor-relations/events-publications/financial-calendar/,https://www.schaeffler.com/en/investor-relations/events-publications/financial-calendar/,403,ir-page-no-calendar,IR content but no calendar keywords,0,0,0,,find-calendar-subpage
62327,Schneider Electric,Daire Vint,https://www.se.com/ww/en/about-us/investor-relations/financial-calendar-and-events/,https://www.se.com/ww/en/about-us/investor-relations/financial-calendar-and-events/,200,calendar-page,calendar/results keywords present,0,0,0,,keep-current
56431,Scotiabank,Agustin Maza,https://www.scotiabank.com/ca/en/about/investors-shareholders/financial-result.html,https://www.scotiabank.com/ca/en/about/investors-shareholders/financial-result.html,200,calendar-page,calendar/results keywords present,0,0,0,,keep-current
2234,ScottsMiracle-Gro,Maria Luisa Torres,https://scottsmiraclegro.gcs-web.com/events-and-presentations/upcoming-events,https://scottsmiraclegro.gcs-web.com/events-and-presentations/upcoming-events,403,thin-body,only 260 chars of visible text,0,0,0,,js-render-required
1668,Seagate Technology,Anais Ruz,https://investors.seagate.com/overview/default.aspx,https://investors.seagate.com/overview/default.aspx,200,ir-page-no-calendar,IR content but no calendar keywords,0,0,0,0001137789,use-sec
2235,Select Medical,Vicente Sánchez,https://www.selectmedical.com/investor-relations/,https://www.selectmedical.com/investor-relations/,404,ir-page-no-calendar,IR content but no calendar keywords,0,0,0,,find-calendar-subpage
878,Selecta,Ross Murray,https://www.selecta.com/int/en,https://www.selecta.com/int/en,200,ir-page-no-calendar,IR content but no calendar keywords,0,0,0,,find-calendar-subpage
1665,Service Corporation International,Mati Ossandon,https://www.sci-corp.com/,https://www.sci-corp.com/,403,http-4xx,status 403,0,0,0,0000089089,use-sec
2482,Service Properties Trust,Vicente Sánchez,https://www.svcreit.com/investors/events-and-presentations/default.aspx,https://www.svcreit.com/investors/events-and-presentations/default.aspx,200,calendar-page,calendar/results keywords present,0,0,0,0000945394,use-sec
62433,Shandong Hi-Speed Group,Kavithaasree Singaveloo,https://www.sdhg.com.hk/en/,https://www.sdhg.com.hk/en/,200,non-ir-page,no IR/calendar signals,2,0,0,,use-rss
62452,Shanghai Pudong Development Bank,Kartigeiswary Deva Kumar,https://eng.spdb.com.cn/investor_relations/annual_report/,https://eng.spdb.com.cn/investor_relations/annual_report/,0,fetch-error,Error: Page.goto: net::ERR_EMPTY_RESPONSE at https://eng.spdb.com.cn/investor_relations,0,0,0,,replace-url
2650,Shift4 Payments,Martina Pino,https://investors.shift4.com/news-events/ir-calendar,https://investors.shift4.com/news-events/ir-calendar,200,calendar-page,calendar/results keywords present,1,0,0,0001794669,use-sec
62493,Shinhan Financial Group,Muhammad Danish Noramri,https://shinhangroup.com/en/ir/calender,https://shinhangroup.com/en/ir/calender,200,ir-page-no-calendar,IR content but no calendar keywords,0,0,0,0001263043,use-sec
62539,Siemens,Peter Megarity,https://www.siemens.com/global/en/company/investor-relations/financial-results.html,https://www.siemens.com/en-us/company/investor-relations/financial-results/,200,calendar-page,calendar/results keywords present,0,0,0,,keep-current
994,Silgan Holdings,Ignacio Zamorano,https://www.silganholdings.com/investor-information/events-and-presentations/events/default.aspx,https://www.silganholdings.com/investor-information/events-and-presentations/events/default.aspx,200,calendar-page,calendar/results keywords present,0,0,0,0000849869,use-sec
62561,Simpar,Ignacio Zamorano,https://ri.simpar.com.br/informacao-aos-investidores/calendario-de-eventos/,https://ri.simpar.com.br/informacao-aos-investidores/calendario-de-eventos/,200,non-ir-page,no IR/calendar signals,0,0,1,,use-jsonld
2247,Sinclair Broadcast Group,Agustin Maza,https://sbgi.net/investor-relations/events-and-presentations/,https://sbgi.net/investor-relations/events-and-presentations/,200,calendar-page,calendar/results keywords present,0,0,1,,use-jsonld
62565,Singapore Airlines,Kartigeiswary Deva Kumar,https://www.singaporeair.com/en_UK/gb/about-us/information-for-investors/financial-calendar/,https://www.singaporeair.com/en_UK/gb/about-us/information-for-investors/financial-calendar/,404,non-ir-page,no IR/calendar signals,0,0,0,,replace-url
885,Sisecam,Muhammad Armand,https://www.sisecam.com/tr/yatirimci-takvimi,https://www.sisecam.com/tr/yatirimci-takvimi,200,non-ir-page,no IR/calendar signals,0,0,0,,replace-url
2255,Six Flags,Martina Pino,https://investors.sixflags.com/investor-information/events-and-presentations/default.aspx,https://investors.sixflags.com/investor-information/events-and-presentations/default.aspx,200,calendar-page,calendar/results keywords present,0,0,0,,keep-current
62598,Sk Battery America,Jack Liew,https://www.skbatteryamerica.com/company/intro.html,https://www.skbatteryamerica.com/company/intro.html,200,non-ir-page,no IR/calendar signals,0,0,0,,replace-url
62603,Sk Hynix,Jack Liew,https://www.skhynix.com/ir/UI-FR-IR10,https://www.skhynix.com/ir/UI-FR-IR10/,200,ir-page-no-calendar,IR content but no calendar keywords,0,0,0,0002120882,use-sec
3196,Skillsoft,Agustin Maza,https://investor.skillsoft.com/news-events/ir-calendar,https://investor.skillsoft.com/news-events/ir-calendar,200,calendar-page,calendar/results keywords present,1,0,0,0001774675,use-sec
62621,Slovenska sporitelna,Jack Liew,https://www.slsp.sk/en/personal,https://www.slsp.sk/en/personal,200,ir-page-no-calendar,IR content but no calendar keywords,0,0,0,,find-calendar-subpage
65309,Smurfit Westrock,Ross Murray,https://investors.smurfitwestrock.com/financials/quarterly-results/default.aspx,https://investors.smurfitwestrock.com/financials/quarterly-results/default.aspx,200,ir-page-no-calendar,IR content but no calendar keywords,0,0,0,0002005951,use-sec
62646,Snam,Joss Smyth,https://www.snam.it/en/investor-relations/financial-calendar.html?pageNumber=1,https://www.snam.it/en/investor-relations/financial-calendar.html?pageNumber=1,200,calendar-page,calendar/results keywords present,0,0,0,,keep-current
62656,Sobha Realty,Kartigeiswary Deva Kumar,https://sobharealty.com/media-center/investor-relations,https://sobharealty.com/media-center/investor-relations,200,ir-page-no-calendar,IR content but no calendar keywords,0,0,0,,find-calendar-subpage
62666,Societe Generale,Jack Liew,https://investors.societegenerale.com/fr,https://investors.societegenerale.com/fr,200,ir-page-no-calendar,IR content but no calendar keywords,0,0,0,,find-calendar-subpage
825,Solocal,Michael Clark,https://www.solocal.com/investisseurs-et-actionnaires,https://www.solocal.com/investisseurs-et-actionnaires,200,non-ir-page,no IR/calendar signals,0,0,0,,replace-url
2049,Sotera Health,Ignacio Zamorano,https://investors.soterahealth.com/events-and-presentations,,0,fetch-error,timeout,0,0,0,0001822479,use-sec
62710,Southern California Edison,Ibrahim Dughman,https://www.sce.com/,https://www.sce.com/,200,non-ir-page,no IR/calendar signals,1,0,0,0000092103,use-sec
62712,Southern Company,Anais Ruz,https://investor.southerncompany.com/events-and-presentations/default.aspx,https://investor.southerncompany.com/events-and-presentations/default.aspx,200,ir-page-no-calendar,IR content but no calendar keywords,0,0,0,0000092122,use-sec
62713,Southern Copper,Rodrigo Maass,https://southerncoppercorp.com/eng/company-presentations/,https://southerncoppercorp.com/eng/company-presentations/,200,non-ir-page,no IR/calendar signals,2,0,0,0001001838,use-sec
2285,Southwestern Energy,Bastián Miranda Olivares,https://investors.expandenergy.com/events-presentations,https://investors.expandenergy.com/events-presentations,403,ir-page-no-calendar,IR content but no calendar keywords,0,0,0,,find-calendar-subpage
62738,SpaceX,Ignacio Zamorano,https://ir.spacex.com/investors/default.aspx,https://ir.spacex.com/investors/default.aspx,200,ir-page-no-calendar,IR content but no calendar keywords,0,0,0,,find-calendar-subpage
2665,Sparklight (Cable One),Vicente Sánchez,https://ir.cableone.net/news-events/event-calendar/default.aspx,https://ir.cableone.net/news-events/event-calendar/default.aspx,200,calendar-page,calendar/results keywords present,0,0,0,,keep-current
2607,Spirit AeroSystems,Martina Pino,https://www.spiritaero.com/,https://www.spiritaero.com/,200,non-ir-page,no IR/calendar signals,0,0,0,,replace-url
2591,Spirit Airlines,Tomas Pugin,https://ir.spirit.com/events-and-presentations/default.aspx,https://www.spiritrestructuring.com/events-and-presentations/default.aspx,404,thin-body,only 183 chars of visible text,0,0,0,,js-render-required
1191,Stada,Bryan McManus,https://www.stada.com/investor-relations/financial-publications/financial-reports,https://www.stada.com/investor-relations/financial-publications/financial-reports,404,ir-page-no-calendar,IR content but no calendar keywords,0,0,0,,find-calendar-subpage
62813,Standard Chartered,Muhammad Danish Noramri,https://www.sc.com/en/investors/events-and-presentations/,https://www.sc.com/en/investors/events-and-presentations/,200,calendar-page,calendar/results keywords present,0,0,0,,keep-current
4215,StandardAero,Anais Ruz,https://ir.standardaero.com/news-events/events,https://ir.standardaero.com/news-events/events,200,calendar-page,calendar/results keywords present,1,0,0,0002025410,use-sec
62833,State Bank Of India,Muhammad Armand,https://onlinesbi.sbi.bank.in/,https://onlinesbi.sbi.bank.in/,200,non-ir-page,no IR/calendar signals,0,0,0,,replace-url
62839,State Street,Gisela Pollanco,https://investors.statestreet.com/investor-news-events/events-presentations/default.aspx,https://investors.statestreet.com/investor-news-events/events-presentations/default.aspx,200,calendar-page,calendar/results keywords present,0,0,0,0000093751,use-sec
1827,Station Casinos,Rodrigo Maass,https://redrockresorts.investorroom.com/events#future:2025:1,https://redrockresorts.investorroom.com/events,200,calendar-page,calendar/results keywords present,1,0,0,,use-rss
894,Stena,Daire Vint,https://stena.com/news-finance/investor-relations/financial-calendar/,https://stena.com/news-finance/investor-relations/financial-calendar/,404,http-404,not found,1,0,0,,use-rss
2009,Stonegate Pubs (New),Zoë Miller,https://www.stonegategroup.co.uk/investors/,https://www.stonegategroup.co.uk/investors/,200,calendar-page,calendar/results keywords present,2,0,0,,use-rss
2922,Strategy,Oscar Carrasco,sin pagina disponible,,0,fetch-error,InvalidUrlClientError: sin%20pagina%20disponible,0,0,0,0001050446,use-sec
62878,Stryker,Martin Cofre,https://investors.stryker.com/events-and-presentations/default.aspx,https://investors.stryker.com/events-and-presentations/default.aspx,200,calendar-page,calendar/results keywords present,0,0,0,0000310764,use-sec
55734,Sumisho Air Lease,Matias Fauré,https://sumisho.aero/investors,https://sumisho.aero/investors,200,calendar-page,calendar/results keywords present,0,0,0,,keep-current
2404,Summit Midstream Partners,Rodrigo Maass,https://summitmidstreampartnerslp.gcs-web.com/events-presentations,https://summitmidstreampartnerslp.gcs-web.com/events-presentations,403,thin-body,only 251 chars of visible text,0,0,0,,js-render-required
2445,SunCoke Energy,Anais Ruz,https://www.suncoke.com/en/investors/events-and-presentations/events,https://www.suncoke.com/en/investors/events-and-presentations/events,200,calendar-page,calendar/results keywords present,0,0,0,0001514705,use-sec
2464,Sunoco,Rodrigo Maass,https://www.sunocolp.com/investors/news,https://www.sunocolp.com/investors/news,200,calendar-page,calendar/results keywords present,0,0,0,,keep-current
1351,Sunrise Medical,Bryan McManus,https://www.sunrisemedical.eu/,https://www.sunrisemedical.eu/,200,non-ir-page,no IR/calendar signals,0,0,0,,replace-url
2566,Surgery Partners,Vicente Sánchez,https://ir.surgerypartners.com/news-releases,,0,fetch-error,timeout,0,0,0,0001638833,use-sec
62945,Suzano Papel e Celulose,Tomas Pugin,https://ir.suzano.com.br/English/Investors-Information/IR-Agenda/default.aspx,https://ir.suzano.com.br/English/Investors-Information/IR-Agenda/default.aspx,200,calendar-page,calendar/results keywords present,0,0,0,,keep-current
62957,Svenska Handelsbanken,Muhammad Azrul Mokhtar,https://www.handelsbanken.com/en/investor-relations,https://www.handelsbanken.com/en/investor-relations,200,calendar-page,calendar/results keywords present,0,0,0,,keep-current
1707,Swedbank,Ummu Aiman binti Mohd Thani,https://www.swedbank.com/investor-relations/financial-calendar.html,https://www.swedbank.com/investor-relations/financial-calendar.html,200,calendar-page,calendar/results keywords present,0,0,0,,keep-current
62970,Swire Properties,Preveena Nantha Kumar,https://ir.swireproperties.com/en/ir/financial-calendar.php,https://ir.swireproperties.com/en/ir/financial-calendar.php,200,calendar-page,calendar/results keywords present,0,0,0,,keep-current
62975,Swisscom,Michael Clark,https://www.swisscom.ch/en/about/investors/news-financial-calendar.html#,https://www.swisscom.ch/en/about/investors/news-financial-calendar.html,200,calendar-page,calendar/results keywords present,0,0,0,0001069336,use-sec
2831,Synaptics,Maria Luisa Torres,https://investor.synaptics.com/news-releases,,0,fetch-error,timeout,0,0,0,0000817720,use-sec
771,Synlab,Daire Vint,https://www.synlab-notes.com/investor-website-of-synlab,https://www.synlab-notes.com/investor-website-of-synlab,403,ir-page-no-calendar,IR content but no calendar keywords,0,0,0,,find-calendar-subpage
62992,Synopsys,Ibrahim Dughman,https://investor.synopsys.com/financials/quarterly-results/default.aspx,https://investor.synopsys.com/financials/quarterly-results/default.aspx,200,ir-page-no-calendar,IR content but no calendar keywords,0,0,0,0000883241,use-sec
1247,Synthomer,Neil McShane,https://www.synthomer.com/investor-relations/financial-calendar/,https://www.synthomer.com/investor-relations/financial-calendar/,200,calendar-page,calendar/results keywords present,0,0,0,,keep-current
902,Synthos,Preveena Nantha Kumar,https://www.synthosgroup.com/login/?redirect_to=https%3A%2F%2Fwww.synthosgroup.com%2Fen%2Finvestor-relations%2Finvestor-calendar%2F,https://www.synthosgroup.com/login/?redirect_to=https://www.synthosgroup.com/en/investor-relations/investor-calendar/,403,http-4xx,status 403,1,0,0,,use-rss
1669,T-Mobile US,Gisela Pollanco,https://investor.t-mobile.com/events-and-presentations/events/default.aspx,https://investor.t-mobile.com/events-and-presentations/events/default.aspx,403,http-4xx,status 403,0,0,0,0001283699,use-sec
1557,TAP Air Portugal,Daire Vint,https://www.tapairportugal.com/en/about-us/investors/investor-announcements,https://www.tapairportugal.com/en/investors/announcements,200,calendar-page,calendar/results keywords present,0,0,0,,keep-current
914,THOM Europe,Joss Smyth,https://www.thomgroup.com/investors/,https://www.thomgroup.com/investors/,200,calendar-page,calendar/results keywords present,2,0,0,,use-rss
1870,TK Elevator,Michael Clark,https://investors.tkelevator.com/financial-calendar,https://investors.tkelevator.com/bekanntmachungen,200,ir-page-no-calendar,IR content but no calendar keywords,0,0,0,,find-calendar-subpage
2890,TUI Cruises,Joss Smyth,https://investor.tuicruises.com/portal,https://investor.tuicruises.com/portal,200,ir-page-no-calendar,IR content but no calendar keywords,0,0,0,,find-calendar-subpage
903,Takko,Daire Vint,https://company.takko.com/de-de/newsroom/pressemitteilungen.html?tx_news_pi1%5Bcontroller%5D=News&tx_news_pi1%5BcurrentPage%5D=1&cHash=e127b45cc8f1023e21ddcb05d361796a,https://company.takko.com/de-de/newsroom/pressemitteilungen.html?tx_news_pi1%5Bcontroller%5D=News&tx_news_pi1%5BcurrentPage%5D=1&cHash=e127b45cc8f1023e21ddcb05d361796a,200,ir-page-no-calendar,IR content but no calendar keywords,0,0,0,,find-calendar-subpage
991,TalkTalk,Christina Rankin,https://www.talktalkgroup.com/newsroom/bond-holders-private-page,https://www.talktalkgroup.com/investors,200,ir-page-no-calendar,IR content but no calendar keywords,0,0,0,,find-calendar-subpage
2752,Talos Energy,Rodrigo Maass,https://www.talosenergy.com/investor-relations/news/default.aspx,,0,fetch-error,timeout,0,0,0,0001724965,use-sec
2581,Targa Resources,Rodrigo Maass,https://www.targaresources.com/investors/events,,0,fetch-error,timeout,0,0,0,0001389170,use-sec
1798,Target Hospitality,Arturo Miquel,https://www.targethospitality.com/about-us/investor-relations/,,0,fetch-error,timeout,0,0,0,0001712189,use-sec
63061,Tatra banka,Preveena Nantha Kumar,https://www.tatrabanka.sk/en/about-bank/economic-results/,https://www.tatrabanka.sk/en/about-bank/economic-results/,200,calendar-page,calendar/results keywords present,0,0,0,,keep-current
906,TeamSystem,Zoë Miller,https://www.teamsystem.com/en/investors/,https://www.teamsystem.com/en/investors/,200,ir-page-no-calendar,IR content but no calendar keywords,0,0,0,,find-calendar-subpage
1687,TeamViewer,Joss Smyth,https://ir.teamviewer.com/financial-calendar,https://ir.teamviewer.com/financial-calendar,200,calendar-page,calendar/results keywords present,0,0,0,,keep-current
907,Techem,Ross Murray,https://www.techem.com/investor-relations/en/home/financial-calendar#accordion-22901947-item-a1f057fa41,https://www.techem.com/investor-relations/en?resource=%2Fcontent%2Ftechem%2Finvestor-relations%2Fen%2Fhome%2Ffinancial-calendar.html&$$login$$=%24%24login%24%24&j_reason=unknown&j_reason_code=unknown#accordion-22901947-item-a1f057fa41,200,ir-page-no-calendar,IR content but no calendar keywords,0,0,0,,find-calendar-subpage
63092,Tecpetrol,Mati Ossandon,https://www.tecpetrol.com/en/investors,https://www.tecpetrol.com/en/investors,200,ir-page-no-calendar,IR content but no calendar keywords,0,0,0,,find-calendar-subpage
1114,Teekay Corporation,Ibrahim Dughman,https://www.teekay.com/,,0,fetch-error,timeout,0,0,0,0000911971,use-sec
2587,Tegna,Rafael Alamo,https://investors.tegna.com/,https://investors.tegna.com/,403,ir-page-no-calendar,IR content but no calendar keywords,0,0,0,,find-calendar-subpage
1239,Tele Columbus,Ross Murray,https://www.telecolumbus.com/en/investor-relations/#financialcalender,https://www.telecolumbus.com/en/investor-relations/#financialcalender,200,calendar-page,calendar/results keywords present,0,0,0,,keep-current
63100,Telecom Argentina,Clemente Masferrer,https://inversores.telecom.com.ar/es/informacion-general.html,,0,fetch-error,timeout,0,0,0,0000932470,use-sec
908,Telecom Italia,Ross Murray,https://www.gruppotim.it/en/investors/reports-presentations/financial-calendar/financial-events.html,https://www.gruppotim.it/en/investors/reports-presentations/financial-calendar/financial-events.html,200,calendar-page,calendar/results keywords present,0,0,0,,keep-current
2637,Telefonica,Neil McShane,https://www.telefonica.com/es/accionistas-inversores/calendario/,,0,fetch-error,timeout,0,0,0,0000814052,use-sec
1808,TelevisaUnivision,Ibrahim Dughman,https://investors.televisaunivision.com/events-and-presentations/default.aspx,https://investors.televisaunivision.com/events-and-presentations/default.aspx,200,calendar-page,calendar/results keywords present,0,0,0,,keep-current
63125,Temasek,Mark Joseph,https://www.temasek.com.sg/en/news-and-resources/news-room,https://www.temasek.com.sg/en/news-and-resources/news-room,403,thin-body,only 243 chars of visible text,0,0,0,,js-render-required
2582,Tempur Sealy,Gisela Pollanco,https://www.tempursealy.com/,https://www.tempursealy.com/,200,non-ir-page,no IR/calendar signals,0,0,0,,replace-url
63135,Tencent,Muhammad Danish Noramri,https://www.tencent.com.cn/en-us/investors.html#investors-con-3,https://www.tencent.com.cn/en-us/investors.html#investors-con-3,0,fetch-error,Error: Page.goto: net::ERR_EMPTY_RESPONSE at https://www.tencent.com.cn/en-us/investors,0,0,0,,replace-url
2465,Tenet Healthcare,Bastián Miranda Olivares,https://investor.tenethealth.com/events-and-presentations/default.aspx,,0,fetch-error,timeout,0,0,0,0000070318,use-sec
910,Tereos,Michael Clark,https://tereos.com/en/group/finance/financial-information/,https://tereos.com/en/group/finance/financial-information/,200,non-ir-page,no IR/calendar signals,0,0,0,,replace-url
1225,Teva,Muhammad Armand,https://ir.tevapharm.com/Events-and-Presentations/events-and-presentations/default.aspx,https://ir.tevapharm.com/Events-and-Presentations/events-and-presentations/default.aspx,200,calendar-page,calendar/results keywords present,0,0,0,,keep-current
912,Thames Water (Kemble) Finance,Zoë Miller,https://www.thameswater.co.uk/about-us/investors,https://www.thameswater.co.uk/about-us/investors,200,ir-page-no-calendar,IR content but no calendar keywords,0,0,0,,find-calendar-subpage
3324,The Chefs' Warehouse,Agustin Maza,https://investors.chefswarehouse.com/events-and-presentations,,0,fetch-error,timeout,0,0,0,0001517175,use-sec
59327,The Hong Kong Mortgage,Muhammad Azib Bin Ahmad,https://www.hkmc.com.hk/eng/information_centre/annual_reports.html,https://www.hkmc.com.hk/eng/information_centre/annual_reports.html,200,ir-page-no-calendar,IR content but no calendar keywords,0,0,0,,find-calendar-subpage
2303,The Manitowoc Company,Martin Cofre,https://ir.manitowoc.com/events-and-presentations/events/default.aspx,,0,fetch-error,timeout,0,0,0,0000061986,use-sec
1200,The Very Group (Shop Direct),Peter Megarity,https://www.theverygroup.com/investors/financial-calendar/,https://www.theverygroup.com/investors/financial-calendar/,200,calendar-page,calendar/results keywords present,0,0,0,,keep-current
63192,Thermo Fisher,Vicente Sánchez,https://ir.thermofisher.com/investors/overview/default.aspx,https://ir.thermofisher.com/investors/overview/default.aspx,200,ir-page-no-calendar,IR content but no calendar keywords,0,0,0,,find-calendar-subpage
917,Titan Cement,Michael Clark,https://ir.titanmaterials.com/en,https://ir.titanmaterials.com/en,200,calendar-page,calendar/results keywords present,0,0,0,,keep-current
755,Together,Daire Vint,https://togethermoney.com/investors/financial-calendar,https://togethermoney.com/investors/financial-calendar,200,calendar-page,calendar/results keywords present,0,0,0,,keep-current
63278,Toronto-Dominion Bank,Martina Pino,https://www.td.com/ca/en/about-td/for-investors/investor-relations,,0,fetch-error,timeout,0,0,0,0000947263,use-sec
63281,Total Play Telecomunicaciones,Martina Pino,https://irtotalplay.mx/en/reportes-financieros,https://www.irtotalplay.mx/en/reportes-financieros,200,calendar-page,calendar/results keywords present,0,0,0,,keep-current
63283,Totalenergies,Daire Vint,https://totalenergies.com/news/calendar,https://totalenergies.com/news/calendar,200,ir-page-no-calendar,IR content but no calendar keywords,0,0,0,,find-calendar-subpage
2416,TransDigm Group,Anais Ruz,https://www.transdigm.com/investor-relations/event-calendar/,,0,fetch-error,timeout,1,0,0,0001260221,use-sec
1272,Transcom,Michael Clark,https://transcom.com/about-us/investor-relations/,https://transcom.com/about-us/investor-relations,200,calendar-page,calendar/results keywords present,0,0,0,,keep-current
63328,Transnet,Umairah Huda Binti Mohamad Asri,https://www.transnet.net/SENS,https://www.transnet.net/SENS,200,calendar-page,calendar/results keywords present,0,0,0,,keep-current
63342,Traton Se,Ross Murray,https://ir.traton.com/en/financial-dates-events,https://ir.traton.com/en/financial-dates-events,200,calendar-page,calendar/results keywords present,0,0,0,,keep-current
921,Travelodge,Bryan McManus,https://www.travelodge.co.uk/investors/home,https://www.travelodge.co.uk/investors/home,200,calendar-page,calendar/results keywords present,0,0,0,,keep-current
2456,TreeHouse Foods,Ibrahim Dughman,https://www.treehousefoods.com/investors/events-and-presentations/default.aspx,https://www.treehousefoods.com/investors/events-and-presentations/default.aspx,404,ir-page-no-calendar,IR content but no calendar keywords,0,0,0,,find-calendar-subpage
3255,Trident Energy,Rodrigo Maass,https://www.trident-energy.com/investors/login/?errors%5B%5D=Please+login+to+continue.,https://www.trident-energy.com/investors/login/?errors%5B%5D=Please+login+to+continue.,200,ir-page-no-calendar,IR content but no calendar keywords,1,0,0,,use-rss
1118,Trinseo,Martin Cofre,https://investor.trinseo.com/home/events-and-presentations/default.aspx,https://investor.trinseo.com/home/events-and-presentations/default.aspx,200,calendar-page,calendar/results keywords present,0,0,0,0001519061,use-sec
2439,Tronox,Clemente Masferrer,https://investor.tronox.com/events-and-presentations/events-calendar/default.aspx,https://investor.tronox.com/events-and-presentations/events-calendar/default.aspx,200,calendar-page,calendar/results keywords present,0,0,0,0001530804,use-sec
3134,True Potential,Joss Smyth,https://www.truepotential.co.uk/investor-relations/,https://www.truepotential.co.uk/investor-relations/,200,calendar-page,calendar/results keywords present,0,0,0,,keep-current
63377,Truist Financial,Gisela Pollanco,https://ir.truist.com/events-and-presentation?item=88,https://ir.truist.com/events-and-presentation?item=88,200,non-ir-page,no IR/calendar signals,0,0,0,0000092230,use-sec
63400,Tupy,Gisela Pollanco,https://ri.tupy.com.br/en/investor-information/events-calendar/,https://ri.tupy.com.br/en/investor-information/events-calendar/,200,calendar-page,calendar/results keywords present,0,0,1,,use-jsonld
63404,Turkcell,Kartigeiswary Deva Kumar,https://www.turkcell.com.tr/en-en/about-us/investor-relations,https://www.turkcell.com.tr/en-en/about-us/investor-relations,200,ir-page-no-calendar,IR content but no calendar keywords,1,0,0,,use-rss
2804,Turning Point Brands,Martin Cofre,https://www.turningpointbrands.com/investor-relations/events-and-presentations/default.aspx,https://www.turningpointbrands.com/investor-relations/events-and-presentations/default.aspx,200,calendar-page,calendar/results keywords present,0,0,0,0001290677,use-sec
2434,Tutor Perini,,https://investors.tutorperini.com/events-calendar/upcoming-events/default.aspx,https://investors.tutorperini.com/events-calendar/upcoming-events/default.aspx,200,calendar-page,calendar/results keywords present,0,0,0,0000077543,use-sec
63403,Türk Telekom,Kartigeiswary Deva Kumar,https://www.ttyatirimciiliskileri.com.tr/en-us/calendar/pages/current,https://www.ttyatirimciiliskileri.com.tr/en-us/calendar/pages/current,200,calendar-page,calendar/results keywords present,0,0,0,,keep-current
63559,U.S. Bancorp,Martin Cofre,https://ir.usbank.com/news-events/webcasts-presentations/default.aspx,https://ir.usbank.com/news-events/webcasts-presentations/default.aspx,200,calendar-page,calendar/results keywords present,0,0,0,,keep-current
63437,UBS,Mark Joseph,https://www.ubs.com/global/en/investor-relations/events/calendar.html,https://www.ubs.com/global/en/investor-relations/events/calendar.html,200,ir-page-no-calendar,IR content but no calendar keywords,0,0,1,0001610520,use-sec
2400,US Foods,Ibrahim Dughman,https://ir.usfoods.com/news-events/events-and-presentations/default.aspx,https://ir.usfoods.com/events-and-presentations/default.aspx,200,calendar-page,calendar/results keywords present,0,0,0,0001665918,use-sec
2397,USA Compression Partners,Cata Rifo,https://investors.usacompression.com/events-and-presentations/default.aspx,https://investors.usacompression.com/events-and-presentations/default.aspx,200,ir-page-no-calendar,IR content but no calendar keywords,0,0,0,,find-calendar-subpage
2666,UWM Holdings Corporation,Vicente Sánchez,https://investors.uwm.com/news-and-events/events-and-presentations/default.aspx,https://investors.uwm.com/events-and-presentations/default.aspx,200,ir-page-no-calendar,IR content but no calendar keywords,0,0,0,0001783398,use-sec
2430,Uber,Maria Luisa Torres,https://investor.uber.com/news-events/default.aspx,https://investor.uber.com/news-events/default.aspx,200,calendar-page,calendar/results keywords present,0,0,0,,keep-current
63454,Ultrapar,Maria Luisa Torres,https://ri.ultra.com.br/servicos-ao-investidor/calendario-de-eventos/,https://ri.ultra.com.br/servicos-ao-investidor/calendario-de-eventos/,200,non-ir-page,no IR/calendar signals,1,0,0,0001094972,use-sec
63472,UniCredit,Preveena Nantha Kumar,https://www.unicreditgroup.eu/en/press-media/press-releases.html,https://www.unicreditgroup.eu/en/press-media/press-releases.html,403,non-ir-page,no IR/calendar signals,0,0,0,,replace-url
63475,UniCredit Czech Republic & Slovakia,Mark Joseph,https://www.unicreditbank.cz/en/ostatni/informace-pro-investory.html,https://www.unicreditbank.cz/en/ostatni/informace-pro-investory.html,403,non-ir-page,no IR/calendar signals,0,0,0,,replace-url
1405,Unifrax,Matias Fauré,https://www.alkegen.com/events/,https://www.alkegen.com/events/,200,non-ir-page,no IR/calendar signals,3,1,2,,use-ical
7239,Unigel,Rodrigo Maass,https://ri.unigel.com.br/en/investor-information/results-center/,https://ri.unigel.com.br/en/investor-information/results-center/,200,ir-page-no-calendar,IR content but no calendar keywords,0,0,0,,find-calendar-subpage
63483,Unilever,Michael Clark,https://www.unilever.com/investors/results-events/upcoming-results/,https://www.unilever.com/investors/results-events/upcoming-results/,403,http-4xx,status 403,0,0,0,0000217410,use-sec
2426,Unisys,Lucas Mateluna,https://www.unisys.com/investor-relations/presentations-and-webcasts/,https://www.unisys.com/investor-relations/presentations-and-webcasts/,200,ir-page-no-calendar,IR content but no calendar keywords,0,0,0,0000746838,use-sec
2422,United Airlines,Anais Ruz,https://ir.united.com/news-and-events/events,,0,fetch-error,timeout,0,0,0,0000100517,use-sec
929,United Group,Mateshvaran Prabakaran,https://investors.united.group/financial-calendar/,https://investors.united.group/financial-calendar/,200,calendar-page,calendar/results keywords present,0,0,0,,keep-current
2653,United Natural Foods,Bastián Miranda Olivares,https://ir.unfi.com/events-presentations/default.aspx,https://ir.unfi.com/events-presentations/default.aspx,200,calendar-page,calendar/results keywords present,0,0,0,0001020859,use-sec
63512,United Overseas Bank,Danny Bin Khairul Nizam,https://www.uobgroup.com/investor-relations/events-and-presentations/index.html,https://www.uobgroup.com/investor-relations/events-and-presentations/index.html,200,calendar-page,calendar/results keywords present,0,0,0,,keep-current
63513,United Parcel Service,Clemente Masferrer,https://www.ups.com/gb/en/home,,0,fetch-error,timeout,0,0,0,0001090727,use-sec
2539,United Parks & Resorts,Arturo Miquel,https://www.unitedparksinvestors.com/events-and-presentations/default.aspx,https://www.unitedparksinvestors.com/events-and-presentations/default.aspx,200,calendar-page,calendar/results keywords present,0,0,0,0001564902,use-sec
1192,United Rentals,Maria Luisa Torres,https://investors.unitedrentals.com/events-and-presentations/default.aspx,https://investors.unitedrentals.com/events-and-presentations/default.aspx,200,ir-page-no-calendar,IR content but no calendar keywords,0,0,0,0001067701,use-sec
2420,United States Steel Corporation,Lucas Mateluna,https://www.ussteel.com/about-us/financial-information,https://www.ussteel.com/about-us/financial-information,0,fetch-error,Error: Page.goto: net::ERR_EMPTY_RESPONSE at https://www.ussteel.com/about-us/financial,0,0,0,,replace-url
63522,UnitedHealth Group,Tomas Pugin,https://www.unitedhealthgroup.com/investors/financial-reports.html,https://www.unitedhealthgroup.com/investors/financial-reports.html,200,calendar-page,calendar/results keywords present,0,0,0,0000731766,use-sec
2418,Uniti Group,Anais Ruz,https://investor.uniti.com/events-presentation/investor-calendar,https://investor.uniti.com/events-presentation/investor-calendar,200,calendar-page,calendar/results keywords present,0,0,0,0002020795,use-sec
8712,Universal Health Services,Ibrahim Dughman,https://ir.uhs.com/news-releases?6beea8b9365ba7a0a92d09ad2b5ddfd6e2cf13a5d9644ef51015ee07dbb87fdd_year%5Bvalue%5D=2026&op=Filter&6beea8b9365ba7a0a92d09ad2b5ddfd6e2cf13a5d9644ef51015ee07dbb87fdd_widget_id=6beea8b9365ba7a0a92d09ad2b5ddfd6e2cf13a5d9644ef51015ee07dbb87fdd&form_build_id=form-f8BKS3eGbUyNcDP5p2y3LwSEWOFl4-silyv_blQPy2U&form_id=widget_form_base,,0,fetch-error,timeout,0,0,0,0000352915,use-sec
63552,Urban Renewal Authority,Muhammad Danish Noramri,https://www.ura.org.hk/en/about-ura/investor-relations,https://www.ura.org.hk/en/about-ura/investor-relations,200,ir-page-no-calendar,IR content but no calendar keywords,0,0,0,,find-calendar-subpage
2956,Urbaser,Zoë Miller,https://www.urbaser.com/en/news/,https://www.urbaser.com/en/news/,200,ir-page-no-calendar,IR content but no calendar keywords,2,0,0,,use-rss
63573,Usiminas,Gisela Pollanco,https://ri.usiminas.com/arquivamento-cvm/calendario-de-eventos/,https://ri.usiminas.com/arquivamento-cvm/calendario-de-eventos/,200,calendar-page,calendar/results keywords present,0,0,1,,use-jsonld
63763,VTR Finance,Martin Cofre,https://vtr.com/inversionistas,https://vtr.com/inversionistas,0,fetch-error,"Error: Page.goto: net::ERR_EMPTY_RESPONSE at https://vtr.com/inversionistas
Call log:
n",0,0,0,,replace-url
2511,Vail Resorts,Matias Fauré,https://investors.vailresorts.com/,,0,fetch-error,timeout,0,0,0,0000812011,use-sec
63590,VakıfBank,Muhammad Armand,https://www.vakifbank.com.tr/en/investor-relations/earnings-presentations,https://www.vakifbank.com.tr/en/investor-relations/earnings-presentations,200,ir-page-no-calendar,IR content but no calendar keywords,0,0,0,,find-calendar-subpage
63592,Vale,Tomas Pugin,https://vale.com/press-releases,https://vale.com/press-releases,200,non-ir-page,no IR/calendar signals,0,0,0,0000917851,use-sec
1198,Vallourec,Michael Clark,https://www.vallourec.com/investors/news-and-events/,https://www.vallourec.com/investors/news-and-events/,200,calendar-page,calendar/results keywords present,0,0,1,,use-jsonld
1122,Vedanta Resources,Muhammad Azib Bin Ahmad,https://www.vedantaresources.com/investor-relations-corporate-calendar.php,https://www.vedantaresources.com/investor-relations-corporate-calendar.php,200,ir-page-no-calendar,IR content but no calendar keywords,0,0,0,,find-calendar-subpage
2970,Venture Global LNG,Ignacio Zamorano,https://investors.ventureglobal.com/events/default.aspx,https://investors.ventureglobal.com/events/default.aspx,200,calendar-page,calendar/results keywords present,0,0,0,,keep-current
2789,Veolia,Bryan McManus,https://www.veolia.com/en/veolia-group/finance,https://www.veolia.com/en/veolia-group/finance,200,calendar-page,calendar/results keywords present,3,0,0,,use-rss
934,Verallia,Michael Clark,https://www.verallia.com/en/investors/agenda/,https://www.verallia.com/en/investors/agenda/,200,ir-page-no-calendar,IR content but no calendar keywords,1,0,0,,use-rss
935,Verisure,Joss Smyth,https://www.verisure.com/financial-results-reports-and-presentations,https://www.verisure.com/financial-results-reports-and-presentations,200,calendar-page,calendar/results keywords present,0,0,0,,keep-current
6840,Veritiv,Ignacio Zamorano,https://ir.veritiv.com/events-presentations/default.aspx,https://ir.veritiv.com/events-presentations/default.aspx,200,non-ir-page,no IR/calendar signals,0,0,0,,replace-url
63655,Verizon,Matias Fauré,https://www.verizon.com/about/investors/investor-webcasts,https://www.verizon.com/about/investors/investor-webcasts,200,calendar-page,calendar/results keywords present,0,0,0,,keep-current
1672,Vermilion Energy,Mati Ossandon,https://www.vermilionenergy.com/invest-with-us/events-presentations/,https://www.vermilionenergy.com/invest-with-us/events-presentations/,200,ir-page-no-calendar,IR content but no calendar keywords,2,0,1,0001293135,use-sec
1811,Vertiv Group,Maria Luisa Torres,https://investors.vertiv.com/events-presentations/events-presentations/default.aspx,https://investors.vertiv.com/events-presentations/events-presentations/default.aspx,200,ir-page-no-calendar,IR content but no calendar keywords,0,0,0,0001674101,use-sec
2913,Verve (Media and Games Invest),Peter Megarity,https://investors.verve.com/investor-relations/financial-calendar/,https://investors.verve.com/investor-relations/financial-calendar/,200,calendar-page,calendar/results keywords present,0,0,0,,keep-current
63664,Vesta,Agustin Maza,https://www.vestas.com/en/investor,https://www.vestas.com/en/investor,200,ir-page-no-calendar,IR content but no calendar keywords,0,0,0,,find-calendar-subpage
2376,Viasat,Mateo Castro,https://investors.viasat.com/events-and-presentations,,0,fetch-error,timeout,0,0,0,0000797721,use-sec
1296,Victoria PLC,Daire Vint,https://www.victoriaplc.com/reports/,https://www.victoriaplc.com/reports/,200,non-ir-page,no IR/calendar signals,2,0,0,,use-rss
1626,Virgin Media - O2,Christina Rankin,https://news.virginmediao2.co.uk/2026-financial-results/q2/,https://news.virginmediao2.co.uk/2026-financial-results/q2/,200,calendar-page,calendar/results keywords present,0,0,0,,keep-current
63711,Virginia Electric and Power Company,Matias Fauré,https://investors.dominionenergy.com/events-and-presentations/default.aspx,https://investors.dominionenergy.com/events-and-presentations/default.aspx,200,calendar-page,calendar/results keywords present,0,0,0,,keep-current
1826,Virtu Financial,Martin Cofre,https://ir.virtu.com/events-presentations,,0,fetch-error,timeout,0,0,0,0001592386,use-sec
63714,Visa,Tomas Pugin,https://investor.visa.com/events-calendar/default.aspx,https://investor.visa.com/events-calendar/default.aspx,200,calendar-page,calendar/results keywords present,0,0,0,0001403161,use-sec
63722,Vista Energy,Oscar Carrasco,https://www.vistaenergy.com/inversionistas,https://www.vistaenergy.com/inversionistas,200,ir-page-no-calendar,IR content but no calendar keywords,0,0,0,,find-calendar-subpage
2356,Vistra Energy,Gisela Pollanco,https://investor.vistracorp.com/news,https://investor.vistracorp.com/news,200,calendar-page,calendar/results keywords present,0,0,0,,keep-current
1514,Vivion Investments,Peter Megarity,https://vivion.eu/investor-relations/,https://vivion.eu/investor-relations/,200,calendar-page,calendar/results keywords present,2,0,0,,use-rss
2790,Vodafone,Ross Murray,https://www.vodafone.com/investors/performance-and-reports/financial-calendar,https://www.vodafone.com/investors/performance-and-reports/financial-calendar,200,calendar-page,calendar/results keywords present,0,0,0,,keep-current
12692,Vodafone Spain,Daire Vint,https://zegona.com/investors/,https://zegona.com/investors/,200,calendar-page,calendar/results keywords present,0,0,0,,keep-current
63742,Volcan,Agustin Maza,https://www.volcan.com.pe/investors/,https://www.volcan.com.pe/investors/,200,ir-page-no-calendar,IR content but no calendar keywords,2,0,0,,use-rss
1780,Volkswagen,Joss Smyth,https://www.volkswagen-group.com/en/events?year=2026,https://www.volkswagen-group.com/en/events?year=2026,200,calendar-page,calendar/results keywords present,1,0,0,,use-rss
67696,Volkswagen Bank,Mark Joseph,https://www.vwfs-overseas.com/Investor-Relations/Annual-Reports.html,https://www.vwfs-overseas.com/Investor-Relations/Annual-Reports.html,200,ir-page-no-calendar,IR content but no calendar keywords,0,0,0,,find-calendar-subpage
63745,Volvo,Michael Clark,https://www.volvogroup.com/en/investors/financial-calendar.html,https://www.volvogroup.com/en/investors/financial-calendar.html,200,calendar-page,calendar/results keywords present,0,0,0,,keep-current
1149,Vonovia,Bryan McManus,https://www.vonovia.com/en/investors/financial-calendar-contact/financial-calendar,https://www.vonovia.com/en/investors/financial-calendar-contact/financial-calendar,200,calendar-page,calendar/results keywords present,0,0,0,,keep-current
35263,Vontier,Gisela Pollanco,https://investors.vontier.com/events-and-presentations/default.aspx,https://investors.vontier.com/events-and-presentations/default.aspx,200,calendar-page,calendar/results keywords present,0,0,0,0001786842,use-sec
1166,Votorantim Cimentos,Martin Cofre,https://ri.votorantimcimentos.com.br/en/investor-services/calendar/,https://ri.votorantimcimentos.com.br/en/investor-services/calendar/,200,calendar-page,calendar/results keywords present,0,0,0,,keep-current
2347,WESCO Distribution,Vicente Sánchez,https://investors.wesco.com/news-events/events-presentations?1b3b0c480a4691ad7cfca489ef73ea6dddabadcc1fe2fe52263484920fe5d930_year%5Bvalue%5D=2025&op=Filter&1b3b0c480a4691ad7cfca489ef73ea6dddabadcc1fe2fe52263484920fe5d930_widget_id=1b3b0c480a4691ad7cfca489ef73ea6dddabadcc1fe2fe52263484920fe5d930&form_build_id=form-eRwcCQuqHatOpA-Axj6mGFE3Qrj6GuNZRPfZHxbEBrg&form_id=widget_form_base,https://investors.wesco.com/news-events/events-presentations?1b3b0c480a4691ad7cfca489ef73ea6dddabadcc1fe2fe52263484920fe5d930_year%5Bvalue%5D=2025&op=Filter&1b3b0c480a4691ad7cfca489ef73ea6dddabadcc1fe2fe52263484920fe5d930_widget_id=1b3b0c480a4691ad7cfca489ef73ea6dddabadcc1fe2fe52263484920fe5d930&form_build_id=form-eRwcCQuqHatOpA-Axj6mGFE3Qrj6GuNZRPfZHxbEBrg&form_id=widget_form_base,403,ir-page-no-calendar,IR content but no calendar keywords,0,0,0,,find-calendar-subpage
2332,WEX,Ibrahim Dughman,https://ir.wexinc.com/events-and-presentations/default.aspx,https://ir.wexinc.com/events-and-presentations/default.aspx,200,ir-page-no-calendar,IR content but no calendar keywords,0,0,0,0001309108,use-sec
36535,WOM SA,Maria Luisa Torres,https://sobrenosotros.wom.cl/en/press-releases/,https://sobrenosotros.wom.cl/en/press-releases/,200,non-ir-page,no IR/calendar signals,0,0,0,,replace-url
63773,Walmart,Gisela Pollanco,https://corporate.walmart.com/news/events,https://corporate.walmart.com/news/events,200,calendar-page,calendar/results keywords present,0,0,0,0000104169,use-sec
2351,Warrior Met Coal,Cata Rifo,https://investors.warriormetcoal.com/events-and-presentations?_gl=1*6e3ck2*_ga*MTEwOTUxMDI0My4xNzY4Mzk5MDM0*_ga_FX4R2NGNX1*czE3NjgzOTkwMzMkbzEkZzAkdDE3NjgzOTkwMzMkajYwJGwwJGgw,https://investors.warriormetcoal.com/events-and-presentations?_gl=1*6e3ck2*_ga*MTEwOTUxMDI0My4xNzY4Mzk5MDM0*_ga_FX4R2NGNX1*czE3NjgzOTkwMzMkbzEkZzAkdDE3NjgzOTkwMzMkajYwJGwwJGgw,200,calendar-page,calendar/results keywords present,0,0,0,0001691303,use-sec
4002,Waters Corporation,Mati Ossandon,https://www.waters.com/nextgen/gb/en/events.html,https://www.waters.com/nextgen/gb/en/events.html,0,fetch-error,"TimeoutError: Page.goto: Timeout 20000ms exceeded.
Call log:
navigating to ""https://www.waters",0,0,0,,replace-url
53153,Wayfair,Mati Ossandon,https://investor.wayfair.com/events-and-presentations/default.aspx,https://investor.wayfair.com/events-and-presentations/default.aspx,200,calendar-page,calendar/results keywords present,0,0,0,0001616707,use-sec
2349,Weatherford International,Ignacio Zamorano,https://www.weatherford.com/investor-relations/investor-news-and-events/events/,https://www.weatherford.com/investor-relations/investor-news-and-events/events/,200,ir-page-no-calendar,IR content but no calendar keywords,0,0,0,0001603923,use-sec
63832,Wells Fargo,Anais Ruz,https://www.wellsfargo.com/about/investor-relations/events/,https://www.wellsfargo.com/about/investor-relations/events/,200,calendar-page,calendar/results keywords present,0,0,0,,keep-current
946,Wepa,Ross Murray,https://www.wepa.eu/en/investor-relations/downloads,https://www.wepa.eu/en/investor-relations/downloads,403,ir-page-no-calendar,IR content but no calendar keywords,0,0,0,,find-calendar-subpage
2336,Western Digital,Vicente Sánchez,https://investor.wdc.com/events/event-details/western-digital-second-quarter-fiscal-2026-earnings-call,,0,fetch-error,timeout,0,0,0,0000106040,use-sec
63902,Williams Companies,Cata Rifo,https://investor.williams.com/events-and-presentations,,0,fetch-error,timeout,0,0,0,0000107263,use-sec
1673,Williams Scotsman,Martin Cofre,https://investors.willscot.com/events-and-presentations/events,https://investors.willscot.com/events-and-presentations/events,403,ir-page-no-calendar,IR content but no calendar keywords,0,0,0,,find-calendar-subpage
64204,Wolseley,Zoë Miller,https://corporate.wolseley.co.uk/reports/annual-reports,https://corporate.wolseley.co.uk/reports/annual-reports,200,calendar-page,calendar/results keywords present,0,0,0,,keep-current
63942,Woori Bank,Sharusree Nandakumar,https://eng.wooribank.com/,https://eng.wooribank.com/,0,fetch-error,"TimeoutError: Page.goto: Timeout 20000ms exceeded.
Call log:
navigating to ""https://eng.woorib",0,0,0,,replace-url
3000,World Acceptance,Clemente Masferrer,https://www.worldacceptance.com/news,https://www.worldacceptance.com/news,200,non-ir-page,no IR/calendar signals,0,0,0,0000108385,use-sec
68058,World Bank,Agustin Maza,https://www.worldbank.org/en/events/all,https://www.worldbank.org/en/events/all,200,non-ir-page,no IR/calendar signals,0,0,1,,use-jsonld
2753,Wynn Macau,Mateshvaran Prabakaran,https://en.wynnmacaulimited.com/press-releases,https://en.wynnmacaulimited.com/press-releases,403,thin-body,only 231 chars of visible text,0,0,0,,js-render-required
2063,XPLR Infrastructure,Maria Luisa Torres,https://www.investor.xplrinfrastructure.com/news-and-events/events-and-presentations,https://www.investor.xplrinfrastructure.com/news-and-events/events-and-presentations,200,calendar-page,calendar/results keywords present,0,0,0,,keep-current
1163,XPO,Matias Fauré,https://investors.xpo.com/news-events/event-calendar,,0,fetch-error,timeout,0,0,0,0001166003,use-sec
2572,Xenia Hotels & Resorts,Cata Rifo,https://investors.xeniareit.com/events-and-presentations/default.aspx,https://investors.xeniareit.com/events-and-presentations/default.aspx,200,ir-page-no-calendar,IR content but no calendar keywords,0,0,0,0001616000,use-sec
64090,YPF,Maria Luisa Torres,https://investors.ypf.com/calendar.html,https://investors.ypf.com/calendar.html,200,calendar-page,calendar/results keywords present,0,0,0,,keep-current
64061,Yapi Kredi,Ummu Aiman binti Mohd Thani,https://www.yapikrediinvestorrelations.com/en/share/event-list/Investor-Calendar/237/0/0,https://www.yapikrediinvestorrelations.com/en/share/event-list/Investor-Calendar/237/0/0,200,calendar-page,calendar/results keywords present,0,0,0,,keep-current
64078,Yinson Productions,Ignacio Zamorano,https://www.yinson-production.com/investors/,https://www.yinson-production.com/investors/,200,calendar-page,calendar/results keywords present,2,0,0,,use-rss
64091,Yuexiu Property,Mark Joseph,https://www.yuexiuproperty.com/en/invesrorRelations/tjcl/,https://www.yuexiuproperty.com/en/invesrorRelations/tjcl/,0,fetch-error,Error: Page.goto: net::ERR_EMPTY_RESPONSE at https://www.yuexiuproperty.com/en/invesror,0,0,0,,replace-url
958,ZF,Bryan McManus,https://www.zf.com/mobile/en/company/investor_relations/financial_calendar/financial_calendar_1.html,https://www.zf.com/mobile/en/company/investor_relations/financial_calendar/financial_calendar_1.html,200,calendar-page,calendar/results keywords present,0,0,0,,keep-current
7237,Zebra Technologies,Martina Pino,https://investors.zebra.com/news-and-events/events/default.aspx,https://investors.zebra.com/news-and-events/events/default.aspx,200,calendar-page,calendar/results keywords present,0,0,0,0000877212,use-sec
1881,Zenith,Peter Megarity,https://investors.zenith.co.uk/login/?_gl=1%2A137vzt3%2A_ga%2AMTc1NjkxNDU0MC4xNzg1NTIwMTk4%2A_ga_7GVJKTES9Q%2AczE3ODU1MjAxOTgkbzEkZzEkdDE3ODU1MjAyMTUkajU4JGwwJGgw&err=rejected,https://investors.zenith.co.uk/login/?_gl=1*137vzt3*_ga*MTc1NjkxNDU0MC4xNzg1NTIwMTk4*_ga_7GVJKTES9Q*czE3ODU1MjAxOTgkbzEkZzEkdDE3ODU1MjAyMTUkajU4JGwwJGgw&err=rejected,200,ir-page-no-calendar,IR content but no calendar keywords,2,0,0,,use-rss
3097,ZipRecruiter,Rafael Alamo,https://ziprecruiter-investors.com/events-and-presentations/default.aspx#upcoming-events,https://ziprecruiter-investors.com/events-and-presentations/default.aspx,200,calendar-page,calendar/results keywords present,0,0,0,0001617553,use-sec
2783,ZoomInfo,Maria Luisa Torres,https://ir.zoominfo.com/news-events/investor-calendar,https://ir.zoominfo.com/news-events/investor-calendar,403,ir-page-no-calendar,IR content but no calendar keywords,0,0,0,,find-calendar-subpage
64190,Zorlu Enerji,Mateshvaran Prabakaran,https://yatirimciiliskileri.zorluenerji.com.tr/en/financal-reports/investor-relations-calendar,https://yatirimciiliskileri.zorluenerji.com.tr/en/financal-reports/investor-relations-calendar,200,ir-page-no-calendar,IR content but no calendar keywords,0,0,0,,find-calendar-subpage
1865,ams Osram,Peter Megarity,https://ams-osram.com/about-us/investor-relations/investor-calendar,https://ams-osram.com/about-us/investor-relations/investor-calendar,200,calendar-page,calendar/results keywords present,0,0,0,,keep-current
2056,doValue,Neil McShane,https://dovalue.it/en/investor-relations/financial-calendar,https://dovalue.it/en/investor-relations/financial-calendar,200,calendar-page,calendar/results keywords present,0,0,0,,keep-current
58066,e.on,Zoë Miller,https://www.eon.com/en/investor-relations/events.html,https://www.eon.com/en/investor-relations/events.html,200,ir-page-no-calendar,IR content but no calendar keywords,0,0,0,,find-calendar-subpage
666,eDreams ODIGEO,Ross Murray,https://investors.edreamsodigeo.com/English/events-and-presentations/investor-agenda/default.aspx,https://investors.edreamsodigeo.com/English/events-and-presentations/investor-agenda/default.aspx,200,calendar-page,calendar/results keywords present,0,0,0,,keep-current
2071,goeasy,Martina Pino,https://www.goeasy.com/events/,https://www.goeasy.com/events/,200,ir-page-no-calendar,IR content but no calendar keywords,0,0,0,,find-calendar-subpage
2173,iHeartMedia,Vicente Sánchez,https://investors.iheartmedia.com/events-and-presentations/events-calendar/default.aspx,https://investors.iheartmedia.com/events-and-presentations/events-calendar/default.aspx,200,calendar-page,calendar/results keywords present,0,0,0,0001400891,use-sec
979,iQera (MCS Groupe),Christina Rankin,https://direct.euronext.com/#/rispublication,https://direct.euronext.com/#/rispublication,200,non-ir-page,no IR/calendar signals,0,0,0,,replace-url
60555,mBank,Shi Man Fong,https://www.mbank.pl/en/investor-relations/,https://www.mbank.pl/en/investor-relations/,200,calendar-page,calendar/results keywords present,0,0,0,,keep-current
62291,stc Group,Kartigeiswary Deva Kumar,https://www.stc.com/en/investors/financial-reports/stc-financial-calendar.html,https://www.stc.com/en/investors/financial-reports/stc-financial-calendar.html,200,calendar-page,calendar/results keywords present,0,0,0,,keep-current
